,driver,lap,trackStatus,position,grid,performance,trackTemp,airTemp,raining,tyre,tyreLap,track,team,driverPrev,driverNext,teamPrev,teamNext
51,3,1,1,1,1,50,41.9,19.9,0.0,3,3,3,8,3,9,8,8
255,9,1,1,2,2,66,41.9,19.9,0.0,3,3,3,8,3,31,8,4
969,31,1,1,3,3,62,41.9,19.9,0.0,3,3,3,4,9,30,8,10
918,30,1,1,4,4,53,41.9,19.9,0.0,3,3,3,10,31,15,4,4
459,15,1,1,5,5,46,41.9,19.9,0.0,3,3,3,4,30,6,10,10
102,6,1,1,6,6,50,41.8,19.8,0.0,3,3,3,10,15,8,4,6
204,8,1,1,7,7,34,41.8,19.8,0.0,3,3,3,6,6,16,10,6
510,16,1,1,8,8,36,41.9,19.9,0.0,3,3,3,6,8,13,6,13
408,13,1,1,9,9,0,41.8,19.7,0.0,3,3,3,13,16,19,6,7
561,19,1,1,10,10,59,41.8,19.8,0.0,3,0,3,7,13,1,13,13
0,1,1,1,11,11,43,41.9,19.9,0.0,3,0,3,13,19,25,7,7
816,25,1,1,12,12,36,41.9,19.9,0.0,3,0,3,7,1,23,13,11
714,23,1,1,13,13,43,41.9,19.9,0.0,3,3,3,11,25,22,7,0
663,22,1,1,14,14,26,41.9,19.9,0.0,2,0,3,0,23,21,11,9
612,21,1,1,15,15,37,41.9,19.9,0.0,3,0,3,9,22,27,0,9
867,27,1,1,16,16,38,41.8,19.8,0.0,2,0,3,9,21,12,9,14
357,12,1,1,17,17,37,41.9,19.9,0.0,2,0,3,14,27,7,9,0
153,7,1,1,18,18,0,41.9,19.9,0.0,3,0,3,0,12,24,14,14
765,24,1,1,19,19,38,41.9,19.9,0.0,2,0,3,14,7,11,0,11
306,11,1,1,20,20,51,41.9,19.9,0.0,2,0,3,11,24,3,14,8
256,9,2,0,1,2,68,41.8,19.7,0.0,3,4,3,8,9,3,8,8
52,3,2,0,2,1,55,41.8,19.8,0.0,3,4,3,8,9,30,8,10
919,30,2,0,3,4,49,41.8,19.8,0.0,3,4,3,10,3,31,8,4
970,31,2,0,4,3,70,41.8,19.8,0.0,3,4,3,4,30,15,10,4
460,15,2,0,5,5,50,41.8,19.8,0.0,3,4,3,4,31,6,4,10
103,6,2,0,6,6,55,41.8,19.8,0.0,3,4,3,10,15,8,4,6
205,8,2,0,7,7,40,42.0,19.8,0.0,3,4,3,6,6,16,10,6
511,16,2,0,8,8,40,41.8,19.8,0.0,3,4,3,6,8,13,6,13
409,13,2,0,9,9,0,41.8,19.8,0.0,3,4,3,13,16,1,6,13
1,1,2,0,10,11,49,41.8,19.8,0.0,3,1,3,13,13,25,13,7
817,25,2,0,11,12,36,41.8,19.8,0.0,3,1,3,7,1,23,13,11
715,23,2,0,12,13,46,41.8,19.8,0.0,3,4,3,11,25,21,7,9
613,21,2,0,13,15,35,41.8,19.8,0.0,3,1,3,9,23,27,11,9
868,27,2,0,14,16,37,41.8,19.8,0.0,2,1,3,9,21,7,9,0
154,7,2,0,15,18,0,41.8,19.8,0.0,3,1,3,0,27,19,9,7
562,19,2,0,16,10,62,41.8,19.8,0.0,3,1,3,7,7,12,0,14
358,12,2,0,17,17,43,41.8,19.8,0.0,2,1,3,14,19,11,7,11
307,11,2,0,18,20,54,41.8,19.8,0.0,2,1,3,11,12,24,14,14
766,24,2,0,19,19,41,41.8,19.8,0.0,2,1,3,14,11,22,11,0
664,22,2,0,20,14,32,41.8,19.8,0.0,2,1,3,0,24,9,14,8
257,9,3,0,1,2,68,41.8,19.8,0.0,3,5,3,8,9,3,8,8
53,3,3,0,2,1,58,42.0,19.8,0.0,3,5,3,8,9,30,8,10
920,30,3,0,3,4,43,41.8,19.7,0.0,3,5,3,10,3,31,8,4
971,31,3,0,4,3,72,41.8,19.7,0.0,3,5,3,4,30,15,10,4
461,15,3,0,5,5,52,41.8,19.7,0.0,3,5,3,4,31,6,4,10
104,6,3,0,6,6,55,41.8,19.8,0.0,3,5,3,10,15,8,4,6
206,8,3,0,7,7,43,41.8,19.8,0.0,3,5,3,6,6,16,10,6
512,16,3,0,8,8,42,41.8,19.8,0.0,3,5,3,6,8,13,6,13
410,13,3,0,9,9,0,41.8,19.8,0.0,3,5,3,13,16,1,6,13
2,1,3,0,10,11,54,41.8,19.7,0.0,3,2,3,13,13,25,13,7
818,25,3,0,11,12,39,41.8,19.8,0.0,3,2,3,7,1,23,13,11
716,23,3,0,12,13,49,41.8,19.7,0.0,3,5,3,11,25,21,7,9
614,21,3,0,13,15,36,41.8,19.8,0.0,3,2,3,9,23,27,11,9
869,27,3,0,14,16,39,41.8,19.7,0.0,2,2,3,9,21,7,9,0
155,7,3,0,15,18,0,42.0,19.8,0.0,3,2,3,0,27,19,9,7
563,19,3,0,16,10,67,41.3,19.7,0.0,3,2,3,7,7,11,0,11
308,11,3,0,17,20,56,41.8,19.7,0.0,2,2,3,11,19,12,7,14
359,12,3,0,18,17,47,41.8,19.8,0.0,2,2,3,14,11,24,11,14
767,24,3,0,19,19,45,41.8,19.8,0.0,2,2,3,14,12,22,14,0
665,22,3,0,20,14,35,41.8,19.7,0.0,2,2,3,0,24,9,14,8
258,9,4,0,1,2,69,41.8,19.8,0.0,3,6,3,8,9,3,8,8
54,3,4,0,2,1,57,41.8,19.8,0.0,3,6,3,8,9,30,8,10
921,30,4,0,3,4,44,42.0,19.8,0.0,3,6,3,10,3,31,8,4
972,31,4,0,4,3,74,41.8,19.8,0.0,3,6,3,4,30,15,10,4
462,15,4,0,5,5,52,42.0,19.8,0.0,3,6,3,4,31,6,4,10
105,6,4,0,6,6,58,41.8,19.8,0.0,3,6,3,10,15,8,4,6
207,8,4,0,7,7,45,41.8,19.8,0.0,3,6,3,6,6,16,10,6
513,16,4,0,8,8,44,41.8,19.7,0.0,3,6,3,6,8,13,6,13
411,13,4,0,9,9,0,41.8,19.8,0.0,3,6,3,13,16,1,6,13
3,1,4,0,10,11,56,42.0,19.8,0.0,3,3,3,13,13,25,13,7
819,25,4,0,11,12,39,41.8,19.7,0.0,3,3,3,7,1,23,13,11
717,23,4,0,12,13,50,42.0,19.8,0.0,3,6,3,11,25,21,7,9
615,21,4,0,13,15,35,41.8,19.7,0.0,3,3,3,9,23,27,11,9
870,27,4,0,14,16,40,41.8,19.8,0.0,2,3,3,9,21,7,9,0
156,7,4,0,15,18,0,41.8,19.8,0.0,3,3,3,0,27,19,9,7
564,19,4,0,16,10,68,41.4,19.8,0.0,3,3,3,7,7,11,0,11
309,11,4,0,17,20,57,41.8,19.8,0.0,2,3,3,11,19,12,7,14
360,12,4,0,18,17,48,41.8,19.8,0.0,2,3,3,14,11,22,11,0
666,22,4,0,19,14,34,41.8,19.8,0.0,2,3,3,0,12,24,14,14
768,24,4,0,20,19,46,41.8,19.7,0.0,2,3,3,14,22,9,0,8
259,9,5,0,1,2,70,41.8,19.8,0.0,3,7,3,8,9,3,8,8
55,3,5,0,2,1,57,41.3,19.5,0.0,3,7,3,8,9,30,8,10
922,30,5,0,3,4,44,41.3,19.5,0.0,3,7,3,10,3,31,8,4
973,31,5,0,4,3,76,41.8,19.8,0.0,3,7,3,4,30,15,10,4
463,15,5,0,5,5,52,41.8,19.8,0.0,3,7,3,4,31,6,4,10
106,6,5,0,6,6,60,41.3,19.5,0.0,3,7,3,10,15,8,4,6
208,8,5,0,7,7,46,41.6,20.2,0.0,3,7,3,6,6,16,10,6
514,16,5,0,8,8,45,41.8,19.8,0.0,3,7,3,6,8,13,6,13
412,13,5,0,9,9,0,41.3,19.7,0.0,3,7,3,13,16,1,6,13
4,1,5,0,10,11,56,41.8,19.8,0.0,3,4,3,13,13,25,13,7
820,25,5,0,11,12,40,42.0,19.8,0.0,3,4,3,7,1,23,13,11
718,23,5,0,12,13,50,41.8,19.8,0.0,3,7,3,11,25,21,7,9
616,21,5,0,13,15,35,42.0,19.8,0.0,3,4,3,9,23,27,11,9
871,27,5,0,14,16,39,41.3,19.5,0.0,2,4,3,9,21,7,9,0
157,7,5,0,15,18,0,41.8,19.8,0.0,3,4,3,0,27,19,9,7
565,19,5,0,16,10,68,41.2,19.8,0.0,3,4,3,7,7,11,0,11
310,11,5,0,17,20,57,41.8,19.8,0.0,2,4,3,11,19,12,7,14
361,12,5,0,18,17,48,41.3,19.5,0.0,2,4,3,14,11,22,11,0
667,22,5,0,19,14,34,41.8,19.8,0.0,2,4,3,0,12,24,14,14
769,24,5,0,20,19,46,42.0,19.8,0.0,2,4,3,14,22,9,0,8
260,9,6,0,1.3901262283325195,2,70,41.8,19.8,0.0,3,8,3,8,9,3,8,8
56,3,6,0,1.8684533834457397,1,57,41.3,19.5,0.0,3,8,3,8,9,30,8,10
923,30,6,0,3.473255157470703,4,44,41.3,19.5,0.0,3,8,3,10,3,31,8,4
974,31,6,0,4.013127326965332,3,76,41.8,19.8,0.0,3,8,3,4,30,15,10,4
464,15,6,0,4.842602252960205,5,52,41.8,19.8,0.0,3,8,3,4,31,6,4,10
107,6,6,0,5.980896472930908,6,60,41.3,19.5,0.0,3,8,3,10,15,8,4,6
209,8,6,0,6.911868572235107,7,46,41.6,20.2,0.0,3,8,3,6,6,16,10,6
515,16,6,0,7.949851036071777,8,45,41.8,19.8,0.0,3,8,3,6,8,13,6,13
413,13,6,0,8.825833320617676,9,0,41.3,19.7,0.0,3,8,3,13,16,1,6,13
5,1,6,0,9.994397163391113,11,56,41.8,19.8,0.0,3,5,3,13,13,25,13,7
821,25,6,0,11.184022903442383,12,40,42.0,19.8,0.0,3,5,3,7,1,23,13,11
719,23,6,0,12.118990898132324,13,50,41.8,19.8,0.0,3,8,3,11,25,21,7,9
617,21,6,0,12.964258193969727,15,35,42.0,19.8,0.0,3,5,3,9,23,27,11,9
872,27,6,0,14.012504577636719,16,39,41.3,19.5,0.0,2,5,3,9,21,7,9,0
158,7,6,0,15.081133842468262,18,0,41.8,19.8,0.0,3,5,3,0,27,19,9,7
566,19,6,0,16.305124282836914,10,68,41.2,19.8,0.0,3,5,3,7,7,12,0,14
362,12,6,0,17.069120407104492,17,48,41.3,19.5,0.0,2,5,3,14,19,11,7,11
311,11,6,0,18.144088745117188,20,57,41.8,19.8,0.0,2,5,3,11,12,22,14,0
668,22,6,0,18.772232055664062,14,34,41.8,19.8,0.0,2,5,3,0,11,24,11,14
770,24,6,0,18.95452117919922,19,46,42.0,19.8,0.0,2,5,3,14,22,9,0,8
261,9,7,0,1.2747492790222168,2,70,41.8,19.8,0.0,3,9,3,8,9,3,8,8
57,3,7,0,2.148775100708008,1,57,41.3,19.5,0.0,3,9,3,8,9,30,8,10
924,30,7,0,3.3666672706604004,4,44,41.3,19.5,0.0,3,9,3,10,3,31,8,4
975,31,7,0,4.066440105438232,3,76,41.8,19.8,0.0,3,9,3,4,30,15,10,4
465,15,7,0,4.876479625701904,5,52,41.8,19.8,0.0,3,9,3,4,31,6,4,10
108,6,7,0,5.940676212310791,6,60,41.3,19.5,0.0,3,9,3,10,15,8,4,6
210,8,7,0,6.889483451843262,7,46,41.6,20.2,0.0,3,9,3,6,6,16,10,6
516,16,7,0,7.913816452026367,8,45,41.8,19.8,0.0,3,9,3,6,8,13,6,13
414,13,7,0,9.078721046447754,9,0,41.3,19.7,0.0,3,9,3,13,16,1,6,13
6,1,7,0,10.060576438903809,11,56,41.8,19.8,0.0,3,6,3,13,13,25,13,7
822,25,7,0,11.21576976776123,12,40,42.0,19.8,0.0,3,6,3,7,1,23,13,11
720,23,7,0,12.01028823852539,13,50,41.8,19.8,0.0,3,9,3,11,25,21,7,9
618,21,7,0,13.131501197814941,15,35,42.0,19.8,0.0,3,6,3,9,23,27,11,9
873,27,7,0,14.187540054321289,16,39,41.3,19.5,0.0,2,6,3,9,21,7,9,0
159,7,7,0,14.958917617797852,18,0,41.8,19.8,0.0,3,6,3,0,27,19,9,7
567,19,7,0,16.16808319091797,10,68,41.2,19.8,0.0,3,6,3,7,7,11,0,11
312,11,7,0,17.10599708557129,20,57,41.8,19.8,0.0,2,6,3,11,19,12,7,14
363,12,7,0,18.110326766967773,17,48,41.3,19.5,0.0,2,6,3,14,11,24,11,14
771,24,7,0,19.02878761291504,19,46,42.0,19.8,0.0,2,6,3,14,12,22,14,0
669,22,7,0,19.756059646606445,14,34,41.8,19.8,0.0,2,6,3,0,24,9,14,8
262,9,8,0,1.2214415073394775,2,70,41.8,19.8,0.0,3,10,3,8,9,3,8,8
58,3,8,0,2.248478889465332,1,57,41.3,19.5,0.0,3,10,3,8,9,30,8,10
925,30,8,0,3.3186469078063965,4,44,41.3,19.5,0.0,3,10,3,10,3,31,8,4
976,31,8,0,4.046047210693359,3,76,41.8,19.8,0.0,3,10,3,4,30,15,10,4
466,15,8,0,4.871026039123535,5,52,41.8,19.8,0.0,3,10,3,4,31,6,4,10
109,6,8,0,5.93071985244751,6,60,41.3,19.5,0.0,3,10,3,10,15,8,4,6
211,8,8,0,6.878294944763184,7,46,41.6,20.2,0.0,3,10,3,6,6,16,10,6
517,16,8,0,7.894712448120117,8,45,41.8,19.8,0.0,3,10,3,6,8,13,6,13
415,13,8,0,9.035780906677246,9,0,41.3,19.7,0.0,3,10,3,13,16,1,6,13
7,1,8,0,10.081456184387207,11,56,41.8,19.8,0.0,3,7,3,13,13,25,13,7
823,25,8,0,11.208426475524902,12,40,42.0,19.8,0.0,3,7,3,7,1,23,13,11
721,23,8,0,12.018745422363281,13,50,41.8,19.8,0.0,3,10,3,11,25,21,7,9
619,21,8,0,13.127954483032227,15,35,42.0,19.8,0.0,3,7,3,9,23,27,11,9
874,27,8,0,14.167635917663574,16,39,41.3,19.5,0.0,2,7,3,9,21,7,9,0
160,7,8,0,14.936457633972168,18,0,41.8,19.8,0.0,3,7,3,0,27,19,9,7
568,19,8,0,16.149137496948242,10,68,41.2,19.8,0.0,3,7,3,7,7,11,0,11
313,11,8,0,17.037458419799805,20,57,41.8,19.8,0.0,2,7,3,11,19,12,7,14
364,12,8,0,18.18260955810547,17,48,41.3,19.5,0.0,2,7,3,14,11,22,11,0
670,22,8,0,19.179973602294922,14,34,41.8,19.8,0.0,2,7,3,0,12,24,14,14
772,24,8,0,19.609649658203125,19,46,42.0,19.8,0.0,2,7,3,14,22,9,0,8
263,9,9,0,1.2575010061264038,2,70,41.8,19.8,0.0,3,11,3,8,9,3,8,8
59,3,9,0,2.267693042755127,1,57,41.3,19.5,0.0,3,11,3,8,9,30,8,10
926,30,9,0,3.2538394927978516,4,44,41.3,19.5,0.0,3,11,3,10,3,31,8,4
977,31,9,0,4.017450332641602,3,76,41.8,19.8,0.0,3,11,3,4,30,15,10,4
467,15,9,0,4.869832992553711,5,52,41.8,19.8,0.0,3,11,3,4,31,6,4,10
110,6,9,0,5.922868251800537,6,60,41.3,19.5,0.0,3,11,3,10,15,8,4,6
212,8,9,0,6.873406887054443,7,46,41.6,20.2,0.0,3,11,3,6,6,16,10,6
518,16,9,0,7.879488945007324,8,45,41.8,19.8,0.0,3,11,3,6,8,13,6,13
416,13,9,0,8.94683837890625,9,0,41.3,19.7,0.0,3,11,3,13,16,1,6,13
8,1,9,0,10.102394104003906,11,56,41.8,19.8,0.0,3,8,3,13,13,25,13,7
824,25,9,0,11.205196380615234,12,40,42.0,19.8,0.0,3,8,3,7,1,23,13,11
722,23,9,0,12.038244247436523,13,50,41.8,19.8,0.0,3,11,3,11,25,21,7,9
620,21,9,0,13.127388000488281,15,35,42.0,19.8,0.0,3,8,3,9,23,27,11,9
875,27,9,0,14.147435188293457,16,39,41.3,19.5,0.0,2,8,3,9,21,7,9,0
161,7,9,0,14.908133506774902,18,0,41.8,19.8,0.0,3,8,3,0,27,19,9,7
569,19,9,0,16.13422203063965,10,68,41.2,19.8,0.0,3,8,3,7,7,11,0,11
314,11,9,0,17.06060218811035,20,57,41.8,19.8,0.0,2,8,3,11,19,12,7,14
365,12,9,0,18.212343215942383,17,48,41.3,19.5,0.0,2,8,3,14,11,22,11,0
671,22,9,0,19.221813201904297,14,34,41.8,19.8,0.0,2,8,3,0,12,24,14,14
773,24,9,0,19.597890853881836,19,46,42.0,19.8,0.0,2,8,3,14,22,9,0,8
264,9,10,0,1.4669508934020996,2,70,41.8,19.8,0.0,3,12,3,8,9,3,8,8
60,3,10,0,2.2314181327819824,1,57,41.3,19.5,0.0,3,12,3,8,9,30,8,10
927,30,10,0,3.5338616371154785,4,44,41.3,19.5,0.0,3,12,3,10,3,31,8,4
978,31,10,0,4.0009050369262695,3,76,41.8,19.8,0.0,3,12,3,4,30,15,10,4
468,15,10,0,4.746606826782227,5,52,41.8,19.8,0.0,3,12,3,4,31,6,4,10
111,6,10,0,5.900410175323486,6,60,41.3,19.5,0.0,3,12,3,10,15,8,4,6
213,8,10,0,6.785671234130859,7,46,41.6,20.2,0.0,3,12,3,6,6,16,10,6
519,16,10,0,7.808536529541016,8,45,41.8,19.8,0.0,3,12,3,6,8,13,6,13
417,13,10,0,8.663312911987305,9,0,41.3,19.7,0.0,3,12,3,13,16,1,6,13
9,1,10,0,10.114089965820312,11,56,41.8,19.8,0.0,3,9,3,13,13,25,13,7
825,25,10,0,11.406766891479492,12,40,42.0,19.8,0.0,3,9,3,7,1,23,13,11
723,23,10,0,12.184282302856445,13,50,41.8,19.8,0.0,3,12,3,11,25,21,7,9
621,21,10,0,13.09064769744873,15,35,42.0,19.8,0.0,3,9,3,9,23,27,11,9
876,27,10,0,14.136890411376953,16,39,41.3,19.5,0.0,2,9,3,9,21,7,9,0
162,7,10,0,14.983489036560059,18,0,41.8,19.8,0.0,3,9,3,0,27,19,9,7
570,19,10,0,16.390859603881836,10,68,41.2,19.8,0.0,3,9,3,7,7,12,0,14
366,12,10,0,17.002614974975586,17,48,41.3,19.5,0.0,2,9,3,14,19,11,7,11
315,11,10,0,18.06256675720215,20,57,41.8,19.8,0.0,2,9,3,11,12,24,14,14
774,24,10,0,18.93416976928711,19,46,42.0,19.8,0.0,2,9,3,14,11,22,11,0
672,22,10,0,19.055179595947266,14,34,41.8,19.8,0.0,2,9,3,0,24,9,14,8
265,9,11,0,1.5683002471923828,2,70,41.8,19.8,0.0,3,13,3,8,9,3,8,8
61,3,11,0,2.44167423248291,1,57,41.3,19.5,0.0,3,13,3,8,9,30,8,10
928,30,11,0,3.4654712677001953,4,44,41.3,19.5,0.0,3,13,3,10,3,31,8,4
979,31,11,0,4.029513835906982,3,76,41.8,19.8,0.0,3,13,3,4,30,15,10,4
469,15,11,0,4.754962921142578,5,52,41.8,19.8,0.0,3,13,3,4,31,6,4,10
112,6,11,0,5.866078853607178,6,60,41.3,19.5,0.0,3,13,3,10,15,8,4,6
214,8,11,0,6.768631935119629,7,46,41.6,20.2,0.0,3,13,3,6,6,16,10,6
520,16,11,0,7.763646602630615,8,45,41.8,19.8,0.0,3,13,3,6,8,13,6,13
418,13,11,0,8.877549171447754,9,0,41.3,19.7,0.0,3,13,3,13,16,1,6,13
10,1,11,0,10.21801471710205,11,56,41.8,19.8,0.0,3,10,3,13,13,25,13,7
826,25,11,0,11.444796562194824,12,40,42.0,19.8,0.0,3,10,3,7,1,23,13,11
724,23,11,0,12.127471923828125,13,50,41.8,19.8,0.0,3,13,3,11,25,21,7,9
622,21,11,0,13.297684669494629,15,35,42.0,19.8,0.0,3,10,3,9,23,27,11,9
877,27,11,0,14.315330505371094,16,39,41.3,19.5,0.0,2,10,3,9,21,7,9,0
163,7,11,0,14.799805641174316,18,0,41.8,19.8,0.0,3,10,3,0,27,19,9,7
571,19,11,0,16.323305130004883,10,68,41.2,19.8,0.0,3,10,3,7,7,11,0,11
316,11,11,0,17.07485580444336,20,57,41.8,19.8,0.0,2,10,3,11,19,12,7,14
367,12,11,0,18.312528610229492,17,48,41.3,19.5,0.0,2,10,3,14,11,24,11,14
775,24,11,0,19.217863082885742,19,46,42.0,19.8,0.0,2,10,3,14,12,22,14,0
673,22,11,0,19.76572608947754,14,34,41.8,19.8,0.0,2,10,3,0,24,9,14,8
266,9,12,0,1.5050992965698242,2,70,41.8,19.8,0.0,3,14,3,8,9,3,8,8
62,3,12,0,2.614699363708496,1,57,41.3,19.5,0.0,3,14,3,8,9,30,8,10
929,30,12,0,3.353447437286377,4,44,41.3,19.5,0.0,3,14,3,10,3,31,8,4
980,31,12,0,3.9758853912353516,3,76,41.8,19.8,0.0,3,14,3,4,30,15,10,4
470,15,12,0,4.769529819488525,5,52,41.8,19.8,0.0,3,14,3,4,31,6,4,10
113,6,12,0,5.870368480682373,6,60,41.3,19.5,0.0,3,14,3,10,15,8,4,6
215,8,12,0,6.771642208099365,7,46,41.6,20.2,0.0,3,14,3,6,6,16,10,6
521,16,12,0,7.744475841522217,8,45,41.8,19.8,0.0,3,14,3,6,8,13,6,13
419,13,12,0,8.767260551452637,9,0,41.3,19.7,0.0,3,14,3,13,16,1,6,13
11,1,12,0,10.24972915649414,11,56,41.8,19.8,0.0,3,11,3,13,13,25,13,7
827,25,12,0,11.448857307434082,12,40,42.0,19.8,0.0,3,11,3,7,1,23,13,11
725,23,12,0,12.166980743408203,13,50,41.8,19.8,0.0,3,14,3,11,25,21,7,9
623,21,12,0,13.270898818969727,15,35,42.0,19.8,0.0,3,11,3,9,23,27,11,9
878,27,12,0,14.272618293762207,16,39,41.3,19.5,0.0,2,11,3,9,21,7,9,0
164,7,12,0,14.772248268127441,18,0,41.8,19.8,0.0,3,11,3,0,27,19,9,7
572,19,12,0,16.335346221923828,10,68,41.2,19.8,0.0,3,11,3,7,7,11,0,11
317,11,12,0,17.158151626586914,20,57,41.8,19.8,0.0,2,11,3,11,19,12,7,14
368,12,12,0,18.472623825073242,17,48,41.3,19.5,0.0,2,11,3,14,11,22,11,0
674,22,12,0,19.515243530273438,14,34,41.8,19.8,0.0,2,11,3,0,12,24,14,14
776,24,12,0,19.52226448059082,19,46,42.0,19.8,0.0,2,11,3,14,22,9,0,8
267,9,13,0,1.5070321559906006,2,70,41.8,19.8,0.0,3,15,3,8,9,3,8,8
63,3,13,0,2.651111602783203,1,57,41.3,19.5,0.0,3,15,3,8,9,30,8,10
930,30,13,0,3.2181196212768555,4,44,41.3,19.5,0.0,3,15,3,10,3,31,8,4
981,31,13,0,3.9020280838012695,3,76,41.8,19.8,0.0,3,15,3,4,30,15,10,4
471,15,13,0,4.774413108825684,5,52,41.8,19.8,0.0,3,15,3,4,31,6,4,10
114,6,13,0,5.881963729858398,6,60,41.3,19.5,0.0,3,15,3,10,15,8,4,6
216,8,13,0,6.787410736083984,7,46,41.6,20.2,0.0,3,15,3,6,6,16,10,6
522,16,13,0,7.735333442687988,8,45,41.8,19.8,0.0,3,15,3,6,8,13,6,13
420,13,13,0,8.645259857177734,9,0,41.3,19.7,0.0,3,15,3,13,16,1,6,13
12,1,13,0,10.284107208251953,11,56,41.8,19.8,0.0,3,12,3,13,13,25,13,7
828,25,13,0,11.46757698059082,12,40,42.0,19.8,0.0,3,12,3,7,1,23,13,11
726,23,13,0,12.219305992126465,13,50,41.8,19.8,0.0,3,15,3,11,25,21,7,9
624,21,13,0,13.291523933410645,15,35,42.0,19.8,0.0,3,12,3,9,23,27,11,9
879,27,13,0,14.260499954223633,16,39,41.3,19.5,0.0,2,12,3,9,21,7,9,0
165,7,13,0,14.728608131408691,18,0,41.8,19.8,0.0,3,12,3,0,27,19,9,7
573,19,13,0,16.352163314819336,10,68,41.2,19.8,0.0,3,12,3,7,7,11,0,11
318,11,13,0,17.248321533203125,20,57,41.8,19.8,0.0,2,12,3,11,19,12,7,14
369,12,13,0,18.52923583984375,17,48,41.3,19.5,0.0,2,12,3,14,11,24,11,14
777,24,13,0,19.545408248901367,19,46,42.0,19.8,0.0,2,12,3,14,12,22,14,0
675,22,13,0,19.579933166503906,14,34,41.8,19.8,0.0,2,12,3,0,24,9,14,8
268,9,14,0,1.6590263843536377,2,70,41.8,19.8,0.0,3,16,3,8,9,3,8,8
64,3,14,0,2.6118862628936768,1,57,41.3,19.5,0.0,3,16,3,8,9,30,8,10
931,30,14,0,3.459129810333252,4,44,41.3,19.5,0.0,3,16,3,10,3,31,8,4
982,31,14,0,3.842522621154785,3,76,41.8,19.8,0.0,3,16,3,4,30,15,10,4
472,15,14,0,4.667383193969727,5,52,41.8,19.8,0.0,3,16,3,4,31,6,4,10
115,6,14,0,5.882591247558594,6,60,41.3,19.5,0.0,3,16,3,10,15,8,4,6
217,8,14,0,6.729418754577637,7,46,41.6,20.2,0.0,3,16,3,6,6,16,10,6
523,16,14,0,7.667362213134766,8,45,41.8,19.8,0.0,3,16,3,6,8,13,6,13
421,13,14,0,8.316808700561523,9,0,41.3,19.7,0.0,3,16,3,13,16,1,6,13
13,1,14,0,10.299779891967773,11,56,41.8,19.8,0.0,3,13,3,13,13,25,13,7
829,25,14,0,11.735448837280273,12,40,42.0,19.8,0.0,3,13,3,7,1,23,13,11
727,23,14,0,12.385736465454102,13,50,41.8,19.8,0.0,3,16,3,11,25,21,7,9
625,21,14,0,13.269103050231934,15,35,42.0,19.8,0.0,3,13,3,9,23,27,11,9
880,27,14,0,14.268735885620117,16,39,41.3,19.5,0.0,2,13,3,9,21,7,9,0
166,7,14,0,14.819973945617676,18,0,41.8,19.8,0.0,3,13,3,0,27,19,9,7
574,19,14,0,16.60390853881836,10,68,41.2,19.8,0.0,3,13,3,7,7,12,0,14
370,12,14,0,16.843748092651367,17,48,41.3,19.5,0.0,2,13,3,14,19,11,7,11
319,11,14,0,18.107189178466797,20,57,41.8,19.8,0.0,2,13,3,11,12,24,14,14
778,24,14,0,19.30435562133789,19,46,42.0,19.8,0.0,2,13,3,14,11,22,11,0
676,22,14,0,19.38458824157715,14,34,41.8,19.8,0.0,2,13,3,0,24,9,14,8
269,9,15,0,1.8305411338806152,2,70,41.8,19.8,0.0,3,17,3,8,9,3,8,8
65,3,15,0,2.696162462234497,1,57,41.3,19.5,0.0,3,17,3,8,9,30,8,10
932,30,15,0,3.3368945121765137,4,44,41.3,19.5,0.0,3,17,3,10,3,31,8,4
983,31,15,0,3.8539929389953613,3,76,41.8,19.8,0.0,3,17,3,4,30,15,10,4
473,15,15,0,4.640149116516113,5,52,41.8,19.8,0.0,3,17,3,4,31,6,4,10
116,6,15,0,5.867955684661865,6,60,41.3,19.5,0.0,3,17,3,10,15,8,4,6
218,8,15,0,6.724545001983643,7,46,41.6,20.2,0.0,3,17,3,6,6,16,10,6
524,16,15,0,7.638130187988281,8,45,41.8,19.8,0.0,3,17,3,6,8,13,6,13
422,13,15,0,8.62093448638916,9,0,41.3,19.7,0.0,3,17,3,13,16,1,6,13
14,1,15,0,10.422821044921875,11,56,41.8,19.8,0.0,3,14,3,13,13,25,13,7
830,25,15,0,11.77511978149414,12,40,42.0,19.8,0.0,3,14,3,7,1,23,13,11
728,23,15,0,12.356172561645508,13,50,41.8,19.8,0.0,3,17,3,11,25,21,7,9
626,21,15,0,13.556295394897461,15,35,42.0,19.8,0.0,3,14,3,9,23,27,11,9
881,27,15,0,14.509965896606445,16,39,41.3,19.5,0.0,2,14,3,9,21,7,9,0
167,7,15,0,14.590725898742676,18,0,41.8,19.8,0.0,3,14,3,0,27,19,9,7
575,19,15,0,16.577035903930664,10,68,41.2,19.8,0.0,3,14,3,7,7,11,0,11
320,11,15,0,17.276412963867188,20,57,41.8,19.8,0.0,2,14,3,11,19,12,7,14
371,12,15,0,18.560392379760742,17,48,41.3,19.5,0.0,2,14,3,14,11,24,11,14
779,24,15,0,19.477293014526367,19,46,42.0,19.8,0.0,2,14,3,14,12,22,14,0
677,22,15,0,19.908248901367188,14,34,41.8,19.8,0.0,2,14,3,0,24,9,14,8
270,9,16,0,1.849009394645691,2,70,41.8,19.8,0.0,3,18,3,8,9,3,8,8
66,3,16,0,2.8039727210998535,1,57,41.3,19.5,0.0,3,18,3,8,9,30,8,10
933,30,16,0,3.1592206954956055,4,44,41.3,19.5,0.0,3,18,3,10,3,31,8,4
984,31,16,0,3.7470197677612305,3,76,41.8,19.8,0.0,3,18,3,4,30,15,10,4
474,15,16,0,4.676485061645508,5,52,41.8,19.8,0.0,3,18,3,4,31,6,4,10
117,6,16,0,5.869997978210449,6,60,41.3,19.5,0.0,3,18,3,10,15,8,4,6
219,8,16,0,6.720402717590332,7,46,41.6,20.2,0.0,3,18,3,6,6,16,10,6
525,16,16,0,7.633378505706787,8,45,41.8,19.8,0.0,3,18,3,6,8,13,6,13
423,13,16,0,8.461590766906738,9,0,41.3,19.7,0.0,3,18,3,13,16,1,6,13
15,1,16,0,10.437941551208496,11,56,41.8,19.8,0.0,3,15,3,13,13,25,13,7
831,25,16,0,11.79420280456543,12,40,42.0,19.8,0.0,3,15,3,7,1,23,13,11
729,23,16,0,12.400439262390137,13,50,41.8,19.8,0.0,3,18,3,11,25,21,7,9
627,21,16,0,13.489136695861816,15,35,42.0,19.8,0.0,3,15,3,9,23,27,11,9
882,27,16,0,14.432065963745117,16,39,41.3,19.5,0.0,2,15,3,9,21,7,9,0
168,7,16,0,14.58947467803955,18,0,41.8,19.8,0.0,3,15,3,0,27,19,9,7
576,19,16,0,16.610336303710938,10,68,41.2,19.8,0.0,3,15,3,7,7,11,0,11
321,11,16,0,17.372516632080078,20,57,41.8,19.8,0.0,2,15,3,11,19,12,7,14
372,12,16,0,18.83429718017578,17,48,41.3,19.5,0.0,2,15,3,14,11,24,11,14
780,24,16,0,19.722789764404297,19,46,42.0,19.8,0.0,2,15,3,14,12,22,14,0
678,22,16,0,19.83683204650879,14,34,41.8,19.8,0.0,2,15,3,0,24,9,14,8
271,9,17,0,1.7994253635406494,2,70,41.8,19.8,0.0,3,19,3,8,9,3,8,8
67,3,17,0,2.807182788848877,1,57,41.3,19.5,0.0,3,19,3,8,9,30,8,10
934,30,17,0,3.001046657562256,4,44,41.3,19.5,0.0,3,19,3,10,3,31,8,4
985,31,17,0,3.6718058586120605,3,76,41.8,19.8,0.0,3,19,3,4,30,15,10,4
475,15,17,0,4.70425271987915,5,52,41.8,19.8,0.0,3,19,3,4,31,6,4,10
118,6,17,0,5.843382358551025,6,60,41.3,19.5,0.0,3,19,3,10,15,8,4,6
220,8,17,0,6.700684547424316,7,46,41.6,20.2,0.0,3,19,3,6,6,16,10,6
526,16,17,0,7.627782821655273,8,45,41.8,19.8,0.0,3,19,3,6,8,13,6,13
424,13,17,0,8.317354202270508,9,0,41.3,19.7,0.0,3,19,3,13,16,1,6,13
16,1,17,0,10.463913917541504,11,56,41.8,19.8,0.0,3,16,3,13,13,25,13,7
832,25,17,0,11.831162452697754,12,40,42.0,19.8,0.0,3,16,3,7,1,23,13,11
730,23,17,0,12.455155372619629,13,50,41.8,19.8,0.0,3,19,3,11,25,21,7,9
628,21,17,0,13.529289245605469,15,35,42.0,19.8,0.0,3,16,3,9,23,27,11,9
883,27,17,0,14.454622268676758,16,39,41.3,19.5,0.0,2,16,3,9,21,7,9,0
169,7,17,0,14.557973861694336,18,0,41.8,19.8,0.0,3,16,3,0,27,19,9,7
577,19,17,0,16.630998611450195,10,68,41.2,19.8,0.0,3,16,3,7,7,11,0,11
322,11,17,0,17.522022247314453,20,57,41.8,19.8,0.0,2,16,3,11,19,12,7,14
373,12,17,0,18.84717559814453,17,48,41.3,19.5,0.0,2,16,3,14,11,24,11,14
781,24,17,0,19.753686904907227,19,46,42.0,19.8,0.0,2,16,3,14,12,22,14,0
679,22,17,0,19.793472290039062,14,34,41.8,19.8,0.0,2,16,3,0,24,9,14,8
272,9,18,0,1.872957468032837,2,70,41.8,19.8,0.0,3,20,3,8,9,3,8,8
68,3,18,0,2.7427425384521484,1,57,41.3,19.5,0.0,3,20,3,8,9,30,8,10
935,30,18,0,3.354228973388672,4,44,41.3,19.5,0.0,3,20,3,10,3,31,8,4
986,31,18,0,3.6792569160461426,3,76,41.8,19.8,0.0,3,20,3,4,30,15,10,4
476,15,18,0,4.622793674468994,5,52,41.8,19.8,0.0,3,20,3,4,31,6,4,10
119,6,18,0,5.794170379638672,6,60,41.3,19.5,0.0,3,20,3,10,15,8,4,6
221,8,18,0,6.62458610534668,7,46,41.6,20.2,0.0,3,20,3,6,6,16,10,6
527,16,18,0,7.5354390144348145,8,45,41.8,19.8,0.0,3,20,3,6,8,13,6,13
425,13,18,0,7.954346656799316,9,0,41.3,19.7,0.0,3,20,3,13,16,1,6,13
17,1,18,0,10.469985961914062,11,56,41.8,19.8,0.0,3,17,3,13,13,25,13,7
833,25,18,0,12.14342975616455,12,40,42.0,19.8,0.0,3,17,3,7,1,23,13,11
731,23,18,0,12.617414474487305,13,50,41.8,19.8,0.0,3,20,3,11,25,21,7,9
629,21,18,0,13.495171546936035,15,35,42.0,19.8,0.0,3,17,3,9,23,27,11,9
884,27,18,0,14.487228393554688,16,39,41.3,19.5,0.0,2,17,3,9,21,7,9,0
170,7,18,0,14.702043533325195,18,0,41.8,19.8,0.0,3,17,3,0,27,12,9,14
374,12,18,0,16.731895446777344,17,48,41.3,19.5,0.0,2,17,3,14,7,19,0,7
578,19,18,0,16.832244873046875,10,68,41.2,19.8,0.0,3,17,3,7,12,11,14,11
323,11,18,0,18.154020309448242,20,57,41.8,19.8,0.0,2,17,3,11,19,24,7,14
782,24,18,0,19.620195388793945,19,46,42.0,19.8,0.0,2,17,3,14,11,22,11,0
680,22,18,0,19.68045997619629,14,34,41.8,19.8,0.0,2,17,3,0,24,9,14,8
273,9,19,0,2.0388002395629883,2,70,41.8,19.8,0.0,3,21,3,8,9,3,8,8
69,3,19,0,2.764808177947998,1,57,41.3,19.5,0.0,3,21,3,8,9,30,8,10
936,30,19,0,3.1150412559509277,4,44,41.3,19.5,0.0,3,21,3,10,3,31,8,4
987,31,19,0,3.803678035736084,3,76,41.8,19.8,0.0,3,21,3,4,30,15,10,4
477,15,19,0,4.556828498840332,5,52,41.8,19.8,0.0,3,21,3,4,31,6,4,10
120,6,19,0,5.763777732849121,6,60,41.3,19.5,0.0,3,21,3,10,15,8,4,6
222,8,19,0,6.619555950164795,7,46,41.6,20.2,0.0,3,21,3,6,6,16,10,6
528,16,19,0,7.470772743225098,8,45,41.8,19.8,0.0,3,21,3,6,8,13,6,13
426,13,19,0,8.34165096282959,9,0,41.3,19.7,0.0,3,21,3,13,16,1,6,13
18,1,19,0,10.617616653442383,11,56,41.8,19.8,0.0,3,18,3,13,13,25,13,7
834,25,19,0,12.152935981750488,12,40,42.0,19.8,0.0,3,18,3,7,1,23,13,11
732,23,19,0,12.580498695373535,13,50,41.8,19.8,0.0,3,21,3,11,25,21,7,9
630,21,19,0,13.836552619934082,15,35,42.0,19.8,0.0,3,18,3,9,23,7,11,0
171,7,19,0,14.424955368041992,18,0,41.8,19.8,0.0,3,18,3,0,21,27,9,9
885,27,19,0,14.779064178466797,16,39,41.3,19.5,0.0,2,18,3,9,7,19,0,7
579,19,19,0,16.81454849243164,10,68,41.2,19.8,0.0,3,18,3,7,27,11,9,11
324,11,19,0,17.473751068115234,20,57,41.8,19.8,0.0,2,18,3,11,19,12,7,14
375,12,19,0,18.637508392333984,17,48,41.3,19.5,0.0,2,18,3,14,11,24,11,14
783,24,19,0,19.729896545410156,19,46,42.0,19.8,0.0,2,18,3,14,12,22,14,0
681,22,19,0,19.994972229003906,14,34,41.8,19.8,0.0,2,18,3,0,24,9,14,8
274,9,20,0,2.074401378631592,2,70,41.8,19.8,0.0,3,22,3,8,9,3,8,8
70,3,20,0,2.824273109436035,1,57,41.3,19.5,0.0,3,22,3,8,9,30,8,10
937,30,20,0,3.0455641746520996,4,44,41.3,19.5,0.0,3,22,3,10,3,31,8,4
988,31,20,0,3.740278720855713,3,76,41.8,19.8,0.0,3,22,3,4,30,15,10,4
478,15,20,0,4.552180290222168,5,52,41.8,19.8,0.0,3,22,3,4,31,6,4,10
121,6,20,0,5.764564037322998,6,60,41.3,19.5,0.0,3,22,3,10,15,8,4,6
223,8,20,0,6.620563983917236,7,46,41.6,20.2,0.0,3,22,3,6,6,16,10,6
529,16,20,0,7.462309837341309,8,45,41.8,19.8,0.0,3,22,3,6,8,13,6,13
427,13,20,0,8.162322044372559,9,0,41.3,19.7,0.0,3,22,3,13,16,1,6,13
19,1,20,0,10.62480354309082,11,56,41.8,19.8,0.0,3,19,3,13,13,25,13,7
835,25,20,0,12.158671379089355,12,40,42.0,19.8,0.0,3,19,3,7,1,23,13,11
733,23,20,0,12.613875389099121,13,50,41.8,19.8,0.0,3,22,3,11,25,21,7,9
631,21,20,0,13.676732063293457,15,35,42.0,19.8,0.0,3,19,3,9,23,7,11,0
172,7,20,0,14.451141357421875,18,0,41.8,19.8,0.0,3,19,3,0,21,27,9,9
886,27,20,0,14.625194549560547,16,39,41.3,19.5,0.0,2,19,3,9,7,19,0,7
580,19,20,0,16.847272872924805,10,68,41.2,19.8,0.0,3,19,3,7,27,11,9,11
325,11,20,0,17.520278930664062,20,57,41.8,19.8,0.0,2,19,3,11,19,12,7,14
376,12,20,0,19.051328659057617,17,48,41.3,19.5,0.0,2,19,3,14,11,24,11,14
784,24,20,0,19.91094207763672,19,46,42.0,19.8,0.0,2,19,3,14,12,22,14,0
682,22,20,0,19.95752716064453,14,34,41.8,19.8,0.0,2,19,3,0,24,9,14,8
275,9,21,0,2.006659984588623,2,70,41.8,19.8,0.0,3,23,3,8,9,3,8,8
71,3,21,0,2.810622215270996,1,57,41.3,19.5,0.0,3,23,3,8,9,30,8,10
938,30,21,0,3.0091700553894043,4,44,41.3,19.5,0.0,3,23,3,10,3,31,8,4
989,31,21,0,3.747044086456299,3,76,41.8,19.8,0.0,3,23,3,4,30,15,10,4
479,15,21,0,4.5526275634765625,5,52,41.8,19.8,0.0,3,23,3,4,31,6,4,10
122,6,21,0,5.735402584075928,6,60,41.3,19.5,0.0,3,23,3,10,15,8,4,6
224,8,21,0,6.602025985717773,7,46,41.6,20.2,0.0,3,23,3,6,6,16,10,6
530,16,21,0,7.465721130371094,8,45,41.8,19.8,0.0,3,23,3,6,8,13,6,13
428,13,21,0,8.015899658203125,9,0,41.3,19.7,0.0,3,23,3,13,16,1,6,13
20,1,21,0,10.636175155639648,11,56,41.8,19.8,0.0,3,20,3,13,13,25,13,7
836,25,21,0,12.184309959411621,12,40,42.0,19.8,0.0,3,20,3,7,1,23,13,11
734,23,21,0,12.654641151428223,13,50,41.8,19.8,0.0,3,23,3,11,25,21,7,9
632,21,21,0,13.724133491516113,15,35,42.0,19.8,0.0,3,20,3,9,23,7,11,0
173,7,21,0,14.380755424499512,18,0,41.8,19.8,0.0,3,20,3,0,21,27,9,9
887,27,21,0,14.667140007019043,16,39,41.3,19.5,0.0,2,20,3,9,7,19,0,7
581,19,21,0,16.851993560791016,10,68,41.2,19.8,0.0,3,20,3,7,27,11,9,11
326,11,21,0,17.67748260498047,20,57,41.8,19.8,0.0,2,20,3,11,19,12,7,14
377,12,21,0,18.989242553710938,17,48,41.3,19.5,0.0,2,20,3,14,11,22,11,0
683,22,21,0,19.916141510009766,14,34,41.8,19.8,0.0,2,20,3,0,12,24,14,14
785,24,21,0,19.93208885192871,19,46,42.0,19.8,0.0,2,20,3,14,22,9,0,8
276,9,22,0,2.020023822784424,2,70,41.8,19.8,0.0,3,24,3,8,9,3,8,8
72,3,22,0,2.746229887008667,1,57,41.3,19.5,0.0,3,24,3,8,9,30,8,10
939,30,22,0,3.3132357597351074,4,44,41.3,19.5,0.0,3,24,3,10,3,31,8,4
990,31,22,0,3.7986836433410645,3,76,41.8,19.8,0.0,3,24,3,4,30,15,10,4
480,15,22,0,4.44763708114624,5,52,41.8,19.8,0.0,3,24,3,4,31,6,4,10
123,6,22,0,5.682163715362549,6,60,41.3,19.5,0.0,3,24,3,10,15,8,4,6
225,8,22,0,6.533238410949707,7,46,41.6,20.2,0.0,3,24,3,6,6,16,10,6
531,16,22,0,7.366924285888672,8,45,41.8,19.8,0.0,3,24,3,6,8,13,6,13
429,13,22,0,7.63405179977417,9,0,41.3,19.7,0.0,3,24,3,13,16,1,6,13
21,1,22,0,10.611211776733398,11,56,41.8,19.8,0.0,3,21,3,13,13,25,13,7
837,25,22,0,12.511831283569336,12,40,42.0,19.8,0.0,3,21,3,7,1,23,13,11
735,23,22,0,12.808919906616211,13,50,41.8,19.8,0.0,3,24,3,11,25,21,7,9
633,21,22,0,13.656314849853516,15,35,42.0,19.8,0.0,3,21,3,9,23,7,11,0
174,7,22,0,14.433138847351074,18,0,41.8,19.8,0.0,3,21,3,0,21,27,9,9
888,27,22,0,14.6851224899292,16,39,41.3,19.5,0.0,2,21,3,9,7,12,0,14
378,12,22,0,16.708730697631836,17,48,41.3,19.5,0.0,2,21,3,14,27,19,9,7
582,19,22,0,16.9686279296875,10,68,41.2,19.8,0.0,3,21,3,7,12,11,14,11
327,11,22,0,18.16714096069336,20,57,41.8,19.8,0.0,2,21,3,11,19,24,7,14
786,24,22,0,19.795766830444336,19,46,42.0,19.8,0.0,2,21,3,14,11,22,11,0
684,22,22,0,19.847064971923828,14,34,41.8,19.8,0.0,2,21,3,0,24,9,14,8
277,9,23,0,2.140717029571533,2,70,41.8,19.8,0.0,3,25,3,8,9,3,8,8
73,3,23,0,2.758852481842041,1,57,41.3,19.5,0.0,3,25,3,8,9,30,8,10
940,30,23,0,3.09053897857666,4,44,41.3,19.5,0.0,3,25,3,10,3,31,8,4
991,31,23,0,3.9563965797424316,3,76,41.8,19.8,0.0,3,25,3,4,30,15,10,4
481,15,23,0,4.327210426330566,5,52,41.8,19.8,0.0,3,25,3,4,31,6,4,10
124,6,23,0,5.64553165435791,6,60,41.3,19.5,0.0,3,25,3,10,15,8,4,6
226,8,23,0,6.521820545196533,7,46,41.6,20.2,0.0,3,25,3,6,6,16,10,6
532,16,23,0,7.294181823730469,8,45,41.8,19.8,0.0,3,25,3,6,8,13,6,13
430,13,23,0,8.03469467163086,9,0,41.3,19.7,0.0,3,25,3,13,16,1,6,13
22,1,23,0,10.77457332611084,11,56,41.8,19.8,0.0,3,22,3,13,13,25,13,7
838,25,23,0,12.481339454650879,12,40,42.0,19.8,0.0,3,22,3,7,1,23,13,11
736,23,23,0,12.737700462341309,13,50,41.8,19.8,0.0,3,25,3,11,25,21,7,9
634,21,23,0,14.055130004882812,15,35,42.0,19.8,0.0,3,22,3,9,23,7,11,0
175,7,23,0,14.261960983276367,18,0,41.8,19.8,0.0,3,22,3,0,21,27,9,9
889,27,23,0,15.020589828491211,16,39,41.3,19.5,0.0,2,22,3,9,7,19,0,7
583,19,23,0,16.906782150268555,10,68,41.2,19.8,0.0,3,22,3,7,27,11,9,11
328,11,23,0,17.597084045410156,20,57,41.8,19.8,0.0,2,22,3,11,19,12,7,14
379,12,23,0,18.83297348022461,17,48,41.3,19.5,0.0,2,22,3,14,11,24,11,14
787,24,23,0,19.96871566772461,19,46,42.0,19.8,0.0,2,22,3,14,12,22,14,0
685,22,23,0,19.98813819885254,14,34,41.8,19.8,0.0,2,22,3,0,24,9,14,8
278,9,24,0,2.1613945960998535,2,70,41.8,19.8,0.0,3,26,3,8,9,3,8,8
74,3,24,0,2.813936233520508,1,57,41.3,19.5,0.0,3,26,3,8,9,30,8,10
941,30,24,0,3.025129795074463,4,44,41.3,19.5,0.0,3,26,3,10,3,31,8,4
992,31,24,0,3.884054660797119,3,76,41.8,19.8,0.0,3,26,3,4,30,15,10,4
482,15,24,0,4.28965425491333,5,52,41.8,19.8,0.0,3,26,3,4,31,6,4,10
125,6,24,0,5.640782833099365,6,60,41.3,19.5,0.0,3,26,3,10,15,8,4,6
227,8,24,0,6.530412673950195,7,46,41.6,20.2,0.0,3,26,3,6,6,16,10,6
533,16,24,0,7.2800493240356445,8,45,41.8,19.8,0.0,3,26,3,6,8,13,6,13
431,13,24,0,7.8139214515686035,9,0,41.3,19.7,0.0,3,26,3,13,16,1,6,13
23,1,24,0,10.774139404296875,11,56,41.8,19.8,0.0,3,23,3,13,13,25,13,7
839,25,24,0,12.495092391967773,12,40,42.0,19.8,0.0,3,23,3,7,1,23,13,11
737,23,24,0,12.777482986450195,13,50,41.8,19.8,0.0,3,26,3,11,25,21,7,9
635,21,24,0,13.808198928833008,15,35,42.0,19.8,0.0,3,23,3,9,23,7,11,0
176,7,24,0,14.331302642822266,18,0,41.8,19.8,0.0,3,23,3,0,21,27,9,9
890,27,24,0,14.774569511413574,16,39,41.3,19.5,0.0,2,23,3,9,7,19,0,7
584,19,24,0,16.870901107788086,10,68,41.2,19.8,0.0,3,23,3,7,27,11,9,11
329,11,24,0,17.582050323486328,20,57,41.8,19.8,0.0,2,23,3,11,19,12,7,14
380,12,24,0,19.187740325927734,17,48,41.3,19.5,0.0,2,23,3,14,11,22,11,0
686,22,24,0,20.02257537841797,14,34,41.8,19.8,0.0,2,23,3,0,12,24,14,14
788,24,24,0,20.04771614074707,19,46,42.0,19.8,0.0,2,23,3,14,22,9,0,8
279,9,25,0,2.0911765098571777,2,70,41.8,19.8,0.0,3,27,3,8,9,3,8,8
75,3,25,0,2.8082942962646484,1,57,41.3,19.5,0.0,3,27,3,8,9,30,8,10
942,30,25,0,2.9860363006591797,4,44,41.3,19.5,0.0,3,27,3,10,3,31,8,4
993,31,25,0,3.9276652336120605,3,76,41.8,19.8,0.0,3,27,3,4,30,15,10,4
483,15,25,0,4.283057689666748,5,52,41.8,19.8,0.0,3,27,3,4,31,6,4,10
126,6,25,0,5.6117167472839355,6,60,41.3,19.5,0.0,3,27,3,10,15,8,4,6
228,8,25,0,6.529758930206299,7,46,41.6,20.2,0.0,3,27,3,6,6,16,10,6
534,16,25,0,7.28201961517334,8,45,41.8,19.8,0.0,3,27,3,6,8,13,6,13
432,13,25,0,7.65743350982666,9,0,41.3,19.7,0.0,3,27,3,13,16,1,6,13
24,1,25,0,10.800492286682129,11,56,41.8,19.8,0.0,3,24,3,13,13,25,13,7
840,25,25,0,12.54638671875,12,40,42.0,19.8,0.0,3,24,3,7,1,23,13,11
738,23,25,0,12.834709167480469,13,50,41.8,19.8,0.0,3,27,3,11,25,21,7,9
636,21,25,0,13.882946968078613,15,35,42.0,19.8,0.0,3,24,3,9,23,7,11,0
177,7,25,0,14.234773635864258,18,0,41.8,19.8,0.0,3,24,3,0,21,27,9,9
891,27,25,0,14.837567329406738,16,39,41.3,19.5,0.0,2,24,3,9,7,19,0,7
585,19,25,0,16.889019012451172,10,68,41.2,19.8,0.0,3,24,3,7,27,11,9,11
330,11,25,0,17.745960235595703,20,57,41.8,19.8,0.0,2,24,3,11,19,12,7,14
381,12,25,0,19.05646324157715,17,48,41.3,19.5,0.0,2,24,3,14,11,24,11,14
789,24,25,0,19.99141502380371,19,46,42.0,19.8,0.0,2,24,3,14,12,22,14,0
687,22,25,0,20.001089096069336,14,34,41.8,19.8,0.0,2,24,3,0,24,9,14,8
280,9,26,0,2.099997043609619,2,70,41.8,19.8,0.0,3,28,3,8,9,3,8,8
76,3,26,0,2.7533812522888184,1,57,41.3,19.5,0.0,3,28,3,8,9,30,8,10
943,30,26,0,3.2791872024536133,4,44,41.3,19.5,0.0,3,28,3,10,3,31,8,4
994,31,26,0,4.002867698669434,3,76,41.8,19.8,0.0,3,28,3,4,30,15,10,4
484,15,26,0,4.175500392913818,5,52,41.8,19.8,0.0,3,28,3,4,31,6,4,10
127,6,26,0,5.556844711303711,6,60,41.3,19.5,0.0,3,28,3,10,15,8,4,6
229,8,26,0,6.49004602432251,7,46,41.6,20.2,0.0,3,28,3,6,6,16,10,6
535,16,26,0,7.185558319091797,8,45,41.8,19.8,0.0,3,28,3,6,8,13,6,13
433,13,26,0,7.291053295135498,9,0,41.3,19.7,0.0,3,28,3,13,16,1,6,13
25,1,26,0,10.783265113830566,11,56,41.8,19.8,0.0,3,25,3,13,13,25,13,7
841,25,26,0,12.897368431091309,12,40,42.0,19.8,0.0,3,25,3,7,1,23,13,11
739,23,26,0,13.010123252868652,13,50,41.8,19.8,0.0,3,28,3,11,25,21,7,9
637,21,26,0,13.800265312194824,15,35,42.0,19.8,0.0,3,25,3,9,23,7,11,0
178,7,26,0,14.309412956237793,18,0,41.8,19.8,0.0,3,25,3,0,21,27,9,9
892,27,26,0,14.783446311950684,16,39,41.3,19.5,0.0,2,25,3,9,7,12,0,14
382,12,26,0,16.591028213500977,17,48,41.3,19.5,0.0,2,25,3,14,27,19,9,7
586,19,26,0,16.939603805541992,10,68,41.2,19.8,0.0,3,25,3,7,12,11,14,11
331,11,26,0,18.167564392089844,20,57,41.8,19.8,0.0,2,25,3,11,19,22,7,0
688,22,26,0,19.843015670776367,14,34,41.8,19.8,0.0,2,25,3,0,11,24,11,14
790,24,26,0,19.98495101928711,19,46,42.0,19.8,0.0,2,25,3,14,22,9,0,8
281,9,27,0,2.209094524383545,2,70,41.8,19.8,0.0,3,29,3,8,9,3,8,8
77,3,27,0,2.7642664909362793,1,57,41.3,19.5,0.0,3,29,3,8,9,30,8,10
944,30,27,0,3.061262607574463,4,44,41.3,19.5,0.0,3,29,3,10,3,15,8,4
485,15,27,0,4.108434677124023,5,52,41.8,19.8,0.0,3,29,3,4,30,31,10,4
995,31,27,0,4.179762363433838,3,76,41.8,19.8,0.0,3,29,3,4,15,6,4,10
128,6,27,0,5.512576103210449,6,60,41.3,19.5,0.0,3,29,3,10,31,8,4,6
230,8,27,0,6.494854927062988,7,46,41.6,20.2,0.0,3,29,3,6,6,16,10,6
536,16,27,0,7.125800132751465,8,45,41.8,19.8,0.0,3,29,3,6,8,13,6,13
434,13,27,0,7.704819679260254,9,0,41.3,19.7,0.0,3,29,3,13,16,1,6,13
26,1,27,0,10.982358932495117,11,56,41.8,19.8,0.0,3,26,3,13,13,25,13,7
842,25,27,0,12.837641716003418,12,40,42.0,19.8,0.0,3,26,3,7,1,23,13,11
740,23,27,0,12.942044258117676,13,50,41.8,19.8,0.0,3,29,3,11,25,7,7,0
179,7,27,0,14.083436965942383,18,0,41.8,19.8,0.0,3,26,3,0,23,21,11,9
638,21,27,0,14.270370483398438,15,35,42.0,19.8,0.0,3,26,3,9,7,27,0,9
893,27,27,0,15.159167289733887,16,39,41.3,19.5,0.0,2,26,3,9,21,19,9,7
587,19,27,0,16.966203689575195,10,68,41.2,19.8,0.0,3,26,3,7,27,11,9,11
332,11,27,0,17.702539443969727,20,57,41.8,19.8,0.0,2,26,3,11,19,12,7,14
383,12,27,0,18.491769790649414,17,48,41.3,19.5,0.0,2,26,3,14,11,22,11,0
689,22,27,0,19.992881774902344,14,34,41.8,19.8,0.0,2,26,3,0,12,24,14,14
791,24,27,0,20.014366149902344,19,46,42.0,19.8,0.0,2,26,3,14,22,9,0,8
282,9,28,0,2.2184548377990723,2,70,41.8,19.8,0.0,3,30,3,8,9,3,8,8
78,3,28,0,2.814040184020996,1,57,41.3,19.5,0.0,3,30,3,8,9,30,8,10
945,30,28,0,3.0141077041625977,4,44,41.3,19.5,0.0,3,30,3,10,3,31,8,4
996,31,28,0,4.0809855461120605,3,76,41.8,19.8,0.0,3,30,3,4,30,15,10,4
486,15,28,0,4.1414594650268555,5,52,41.8,19.8,0.0,3,30,3,4,31,6,4,10
129,6,28,0,5.498579025268555,6,60,41.3,19.5,0.0,3,30,3,10,15,8,4,6
231,8,28,0,6.528409004211426,7,46,41.6,20.2,0.0,3,30,3,6,6,16,10,6
537,16,28,0,7.132388591766357,8,45,41.8,19.8,0.0,3,30,3,6,8,13,6,13
435,13,28,0,7.477595806121826,9,0,41.3,19.7,0.0,3,30,3,13,16,1,6,13
27,1,28,0,10.965415954589844,11,56,41.8,19.8,0.0,3,27,3,13,13,25,13,7
843,25,28,0,12.845928192138672,12,40,42.0,19.8,0.0,3,27,3,7,1,23,13,11
741,23,28,0,12.975171089172363,13,50,41.8,19.8,0.0,3,30,3,11,25,21,7,9
639,21,28,0,13.98246955871582,15,35,42.0,19.8,0.0,3,27,3,9,23,7,11,0
180,7,28,0,14.208005905151367,18,0,41.8,19.8,0.0,3,27,3,0,21,27,9,9
894,27,28,0,14.810744285583496,16,39,41.3,19.5,0.0,2,27,3,9,7,19,0,7
588,19,28,0,16.918779373168945,10,68,41.2,19.8,0.0,3,27,3,7,27,11,9,11
333,11,28,0,17.658525466918945,20,57,41.8,19.8,0.0,2,27,3,11,19,12,7,14
384,12,28,0,19.332386016845703,17,48,41.3,19.5,0.0,2,27,3,14,11,22,11,0
690,22,28,0,20.040119171142578,14,34,41.8,19.8,0.0,2,27,3,0,12,24,14,14
792,24,28,0,20.054534912109375,19,46,42.0,19.8,0.0,2,27,3,14,22,9,0,8
283,9,29,0,2.142681121826172,2,70,41.8,19.8,0.0,3,31,3,8,9,3,8,8
79,3,29,0,2.7974987030029297,1,57,41.3,19.5,0.0,3,31,3,8,9,30,8,10
946,30,29,0,2.9877872467041016,4,44,41.3,19.5,0.0,3,31,3,10,3,31,8,4
997,31,29,0,4.125123500823975,3,76,41.8,19.8,0.0,3,31,3,4,30,15,10,4
487,15,29,0,4.170260429382324,5,52,41.8,19.8,0.0,3,31,3,4,31,6,4,10
130,6,29,0,5.452205657958984,6,60,41.3,19.5,0.0,3,31,3,10,15,8,4,6
232,8,29,0,6.555511474609375,7,46,41.6,20.2,0.0,3,31,3,6,6,16,10,6
538,16,29,0,7.160070419311523,8,45,41.8,19.8,0.0,3,31,3,6,8,13,6,13
436,13,29,0,7.3406548500061035,9,0,41.3,19.7,0.0,3,31,3,13,16,1,6,13
28,1,29,0,10.98766803741455,11,56,41.8,19.8,0.0,3,28,3,13,13,25,13,7
844,25,29,0,12.907732009887695,12,40,42.0,19.8,0.0,3,28,3,7,1,23,13,11
742,23,29,0,13.04887866973877,13,50,41.8,19.8,0.0,3,31,3,11,25,7,7,0
181,7,29,0,14.080138206481934,18,0,41.8,19.8,0.0,3,28,3,0,23,21,11,9
640,21,29,0,14.125679969787598,15,35,42.0,19.8,0.0,3,28,3,9,7,27,0,9
895,27,29,0,14.903573989868164,16,39,41.3,19.5,0.0,2,28,3,9,21,19,9,7
589,19,29,0,16.982656478881836,10,68,41.2,19.8,0.0,3,28,3,7,27,11,9,11
334,11,29,0,17.838090896606445,20,57,41.8,19.8,0.0,2,28,3,11,19,12,7,14
385,12,29,0,19.173797607421875,17,48,41.3,19.5,0.0,2,28,3,14,11,22,11,0
691,22,29,0,19.943706512451172,14,34,41.8,19.8,0.0,2,28,3,0,12,24,14,14
793,24,29,0,19.95709800720215,19,46,42.0,19.8,0.0,2,28,3,14,22,9,0,8
284,9,30,0,2.1321020126342773,2,70,41.8,19.8,0.0,3,32,3,8,9,3,8,8
80,3,30,0,2.7186553478240967,1,57,41.3,19.5,0.0,3,32,3,8,9,30,8,10
947,30,30,0,3.2959046363830566,4,44,41.3,19.5,0.0,3,32,3,10,3,15,8,4
488,15,30,0,4.084143161773682,5,52,41.8,19.8,0.0,3,32,3,4,30,31,10,4
998,31,30,0,4.180443286895752,3,76,41.8,19.8,0.0,3,32,3,4,15,6,4,10
131,6,30,0,5.366530418395996,6,60,41.3,19.5,0.0,3,32,3,10,31,8,4,6
233,8,30,0,6.539392471313477,7,46,41.6,20.2,0.0,3,32,3,6,6,13,10,13
437,13,30,0,7.024413108825684,9,0,41.3,19.7,0.0,3,32,3,13,8,16,6,6
539,16,30,0,7.095015048980713,8,45,41.8,19.8,0.0,3,32,3,6,13,1,13,13
29,1,30,0,10.955262184143066,11,56,41.8,19.8,0.0,3,29,3,13,16,23,6,11
743,23,30,0,13.199728012084961,13,50,41.8,19.8,0.0,3,32,3,11,1,25,13,7
845,25,30,0,13.2684965133667,12,40,42.0,19.8,0.0,3,29,3,7,23,21,11,9
641,21,30,0,14.074811935424805,15,35,42.0,19.8,0.0,3,29,3,9,25,7,7,0
182,7,30,0,14.202057838439941,18,0,41.8,19.8,0.0,3,29,3,0,21,27,9,9
896,27,30,0,14.837678909301758,16,39,41.3,19.5,0.0,2,29,3,9,7,12,0,14
386,12,30,0,16.472339630126953,17,48,41.3,19.5,0.0,2,29,3,14,27,19,9,7
590,19,30,0,16.988840103149414,10,68,41.2,19.8,0.0,3,29,3,7,12,11,14,11
335,11,30,0,18.240428924560547,20,57,41.8,19.8,0.0,2,29,3,11,19,24,7,14
794,24,30,0,19.912944793701172,19,46,42.0,19.8,0.0,2,29,3,14,11,22,11,0
692,22,30,0,19.920486450195312,14,34,41.8,19.8,0.0,2,29,3,0,24,9,14,8
285,9,31,0,2.198026180267334,2,70,41.8,19.8,0.0,3,33,3,8,9,3,8,8
81,3,31,0,2.7060933113098145,1,57,41.3,19.5,0.0,3,33,3,8,9,30,8,10
948,30,31,0,2.9973855018615723,4,44,41.3,19.5,0.0,3,33,3,10,3,15,8,4
489,15,31,0,4.139614105224609,5,52,41.8,19.8,0.0,3,33,3,4,30,31,10,4
999,31,31,0,4.241490840911865,3,76,41.8,19.8,0.0,3,33,3,4,15,6,4,10
132,6,31,0,5.382755756378174,6,60,41.3,19.5,0.0,3,33,3,10,31,8,4,6
234,8,31,0,6.541818618774414,7,46,41.6,20.2,0.0,3,33,3,6,6,16,10,6
540,16,31,0,7.063994407653809,8,45,41.8,19.8,0.0,3,33,3,6,8,13,6,13
438,13,31,0,7.410778999328613,9,0,41.3,19.7,0.0,3,33,3,13,16,1,6,13
30,1,31,0,11.158349990844727,11,56,41.8,19.8,0.0,3,30,3,13,13,23,13,11
744,23,31,0,13.1879243850708,13,50,41.8,19.8,0.0,3,33,3,11,1,25,13,7
846,25,31,0,13.197874069213867,12,40,42.0,19.8,0.0,3,30,3,7,23,7,11,0
183,7,31,0,13.876365661621094,18,0,41.8,19.8,0.0,3,30,3,0,25,21,7,9
642,21,31,0,14.567586898803711,15,35,42.0,19.8,0.0,3,30,3,9,7,27,0,9
897,27,31,0,15.351774215698242,16,39,41.3,19.5,0.0,2,30,3,9,21,19,9,7
591,19,31,0,17.069740295410156,10,68,41.2,19.8,0.0,3,30,3,7,27,11,9,11
336,11,31,0,17.828893661499023,20,57,41.8,19.8,0.0,2,30,3,11,19,12,7,14
387,12,31,0,18.165294647216797,17,48,41.3,19.5,0.0,2,30,3,14,11,24,11,14
795,24,31,0,19.955684661865234,19,46,42.0,19.8,0.0,2,30,3,14,12,22,14,0
693,22,31,0,19.971893310546875,14,34,41.8,19.8,0.0,2,30,3,0,24,9,14,8
286,9,32,0,2.1754839420318604,2,70,41.8,19.8,0.0,3,34,3,8,9,3,8,8
82,3,32,0,2.7439393997192383,1,57,41.3,19.5,0.0,3,34,3,8,9,30,8,10
949,30,32,0,3.012035369873047,4,44,41.3,19.5,0.0,3,34,3,10,3,15,8,4
490,15,32,0,4.070353031158447,5,52,41.8,19.8,0.0,3,34,3,4,30,31,10,4
1000,31,32,0,4.212375164031982,3,76,41.8,19.8,0.0,3,34,3,4,15,6,4,10
133,6,32,0,5.289587497711182,6,60,41.3,19.5,0.0,3,34,3,10,31,8,4,6
235,8,32,0,6.5654520988464355,7,46,41.6,20.2,0.0,3,34,3,6,6,16,10,6
541,16,32,0,7.090176105499268,8,45,41.8,19.8,0.0,3,34,3,6,8,13,6,13
439,13,32,0,7.18633508682251,9,0,41.3,19.7,0.0,3,34,3,13,16,1,6,13
31,1,32,0,11.12980842590332,11,56,41.8,19.8,0.0,3,31,3,13,13,23,13,11
745,23,32,0,13.150019645690918,13,50,41.8,19.8,0.0,3,34,3,11,1,25,13,7
847,25,32,0,13.205613136291504,12,40,42.0,19.8,0.0,3,31,3,7,23,7,11,0
184,7,32,0,14.106647491455078,18,0,41.8,19.8,0.0,3,31,3,0,25,21,7,9
643,21,32,0,14.231161117553711,15,35,42.0,19.8,0.0,3,31,3,9,7,27,0,9
898,27,32,0,15.083717346191406,16,39,41.3,19.5,0.0,2,31,3,9,21,19,9,7
592,19,32,0,16.97548484802246,10,68,41.2,19.8,0.0,3,31,3,7,27,11,9,11
337,11,32,0,17.803115844726562,20,57,41.8,19.8,0.0,2,31,3,11,19,12,7,14
388,12,32,0,19.46666145324707,17,48,41.3,19.5,0.0,2,31,3,14,11,24,11,14
796,24,32,0,19.962749481201172,19,46,42.0,19.8,0.0,2,31,3,14,12,22,14,0
694,22,32,0,19.98772430419922,14,34,41.8,19.8,0.0,2,31,3,0,24,9,14,8
287,9,33,0,2.0918965339660645,2,70,41.8,19.8,0.0,3,35,3,8,9,3,8,8
83,3,33,0,2.715569257736206,1,57,41.3,19.5,0.0,3,35,3,8,9,30,8,10
950,30,33,0,2.9764962196350098,4,44,41.3,19.5,0.0,3,35,3,10,3,15,8,4
491,15,33,0,4.113565921783447,5,52,41.8,19.8,0.0,3,35,3,4,30,31,10,4
1001,31,33,0,4.201624393463135,3,76,41.8,19.8,0.0,3,35,3,4,15,6,4,10
134,6,33,0,5.183079242706299,6,60,41.3,19.5,0.0,3,35,3,10,31,8,4,6
236,8,33,0,6.571812152862549,7,46,41.6,20.2,0.0,3,35,3,6,6,13,10,13
440,13,33,0,7.0229010581970215,9,0,41.3,19.7,0.0,3,35,3,13,8,16,6,6
542,16,33,0,7.130460739135742,8,45,41.8,19.8,0.0,3,35,3,6,13,1,13,13
32,1,33,0,11.131155014038086,11,56,41.8,19.8,0.0,3,32,3,13,16,23,6,11
746,23,33,0,13.243764877319336,13,50,41.8,19.8,0.0,3,35,3,11,1,25,13,7
848,25,33,0,13.306775093078613,12,40,42.0,19.8,0.0,3,32,3,7,23,7,11,0
185,7,33,0,13.881980895996094,18,0,41.8,19.8,0.0,3,32,3,0,25,21,7,9
644,21,33,0,14.443113327026367,15,35,42.0,19.8,0.0,3,32,3,9,7,27,0,9
899,27,33,0,15.080689430236816,16,39,41.3,19.5,0.0,2,32,3,9,21,19,9,7
593,19,33,0,17.018484115600586,10,68,41.2,19.8,0.0,3,32,3,7,27,11,9,11
338,11,33,0,17.94761848449707,20,57,41.8,19.8,0.0,2,32,3,11,19,12,7,14
389,12,33,0,19.281187057495117,17,48,41.3,19.5,0.0,2,32,3,14,11,24,11,14
797,24,33,0,19.898563385009766,19,46,42.0,19.8,0.0,2,32,3,14,12,22,14,0
695,22,33,0,19.91017723083496,14,34,41.8,19.8,0.0,2,32,3,0,24,9,14,8
288,9,34,0,2.0713508129119873,2,70,41.8,19.8,0.0,3,36,3,8,9,3,8,8
84,3,34,0,2.635035991668701,1,57,41.3,19.5,0.0,3,36,3,8,9,30,8,10
951,30,34,0,3.213984966278076,4,44,41.3,19.5,0.0,3,36,3,10,3,15,8,4
492,15,34,0,4.15258264541626,5,52,41.8,19.8,0.0,3,36,3,4,30,31,10,4
1002,31,34,0,4.170450687408447,3,76,41.8,19.8,0.0,3,36,3,4,15,6,4,10
135,6,34,0,5.1677680015563965,6,60,41.3,19.5,0.0,3,36,3,10,31,8,4,6
237,8,34,0,6.469293594360352,7,46,41.6,20.2,0.0,3,36,3,6,6,13,10,13
441,13,34,0,6.794485092163086,9,0,41.3,19.7,0.0,3,36,3,13,8,16,6,6
543,16,34,0,7.0901079177856445,8,45,41.8,19.8,0.0,3,36,3,6,13,1,13,13
33,1,34,0,11.042336463928223,11,56,41.8,19.8,0.0,3,33,3,13,16,25,6,7
849,25,34,0,13.522812843322754,12,40,42.0,19.8,0.0,3,33,3,7,1,23,13,11
747,23,34,0,13.523285865783691,13,50,41.8,19.8,0.0,3,36,3,11,25,7,7,0
186,7,34,0,14.092650413513184,18,0,41.8,19.8,0.0,3,33,3,0,23,21,11,9
645,21,34,0,14.293614387512207,15,35,42.0,19.8,0.0,3,33,3,9,7,27,0,9
900,27,34,0,15.025569915771484,16,39,41.3,19.5,0.0,2,33,3,9,21,12,9,14
390,12,34,0,16.252412796020508,17,48,41.3,19.5,0.0,2,33,3,14,27,19,9,7
594,19,34,0,16.986591339111328,10,68,41.2,19.8,0.0,3,33,3,7,12,11,14,11
339,11,34,0,18.245697021484375,20,57,41.8,19.8,0.0,2,33,3,11,19,22,7,0
696,22,34,0,19.78196907043457,14,34,41.8,19.8,0.0,2,33,3,0,11,24,11,14
798,24,34,0,19.881086349487305,19,46,42.0,19.8,0.0,2,33,3,14,22,9,0,8
289,9,35,0,2.119199752807617,2,70,41.8,19.8,0.0,3,37,3,8,9,3,8,8
85,3,35,0,2.6448092460632324,1,57,41.3,19.5,0.0,3,37,3,8,9,30,8,10
952,30,35,0,2.848764419555664,4,44,41.3,19.5,0.0,3,37,3,10,3,15,8,4
493,15,35,0,4.093925952911377,5,52,41.8,19.8,0.0,3,37,3,4,30,31,10,4
1003,31,35,0,4.286185264587402,3,76,41.8,19.8,0.0,3,37,3,4,15,6,4,10
136,6,35,0,5.233279705047607,6,60,41.3,19.5,0.0,3,37,3,10,31,8,4,6
238,8,35,0,6.4055657386779785,7,46,41.6,20.2,0.0,3,37,3,6,6,16,10,6
544,16,35,0,7.019674777984619,8,45,41.8,19.8,0.0,3,37,3,6,8,13,6,13
442,13,35,0,7.060054779052734,9,0,41.3,19.7,0.0,3,37,3,13,16,1,6,13
34,1,35,0,11.267982482910156,11,56,41.8,19.8,0.0,3,34,3,13,13,25,13,7
850,25,35,0,13.422574996948242,12,40,42.0,19.8,0.0,3,34,3,7,1,23,13,11
748,23,35,0,13.47828197479248,13,50,41.8,19.8,0.0,3,37,3,11,25,7,7,0
187,7,35,0,13.667841911315918,18,0,41.8,19.8,0.0,3,34,3,0,23,21,11,9
646,21,35,0,14.897860527038574,15,35,42.0,19.8,0.0,3,34,3,9,7,27,0,9
901,27,35,0,15.590476036071777,16,39,41.3,19.5,0.0,2,34,3,9,21,19,9,7
595,19,35,0,17.104915618896484,10,68,41.2,19.8,0.0,3,34,3,7,27,12,9,14
391,12,35,0,17.9248046875,17,48,41.3,19.5,0.0,2,34,3,14,19,11,7,11
340,11,35,0,17.96396255493164,20,57,41.8,19.8,0.0,2,34,3,11,12,22,14,0
697,22,35,0,19.73263168334961,14,34,41.8,19.8,0.0,2,34,3,0,11,24,11,14
799,24,35,0,19.825483322143555,19,46,42.0,19.8,0.0,2,34,3,14,22,9,0,8
290,9,36,0,2.115719795227051,2,70,41.8,19.8,0.0,3,38,3,8,9,3,8,8
86,3,36,0,2.701678991317749,1,57,41.3,19.5,0.0,3,38,3,8,9,30,8,10
953,30,36,0,2.844485282897949,4,44,41.3,19.5,0.0,3,38,3,10,3,15,8,4
494,15,36,0,4.039457321166992,5,52,41.8,19.8,0.0,3,38,3,4,30,31,10,4
1004,31,36,0,4.2476911544799805,3,76,41.8,19.8,0.0,3,38,3,4,15,6,4,10
137,6,36,0,5.134305477142334,6,60,41.3,19.5,0.0,3,38,3,10,31,8,4,6
239,8,36,0,6.347248077392578,7,46,41.6,20.2,0.0,3,38,3,6,6,13,10,13
443,13,36,0,6.845963478088379,9,0,41.3,19.7,0.0,3,38,3,13,8,16,6,6
545,16,36,0,7.009764671325684,8,45,41.8,19.8,0.0,3,38,3,6,13,1,13,13
35,1,36,0,11.216797828674316,11,56,41.8,19.8,0.0,3,35,3,13,16,25,6,7
851,25,36,0,13.432652473449707,12,40,42.0,19.8,0.0,3,35,3,7,1,23,13,11
749,23,36,0,13.482422828674316,13,50,41.8,19.8,0.0,3,38,3,11,25,7,7,0
188,7,36,0,14.064435005187988,18,0,41.8,19.8,0.0,3,35,3,0,23,21,11,9
647,21,36,0,14.473977088928223,15,35,42.0,19.8,0.0,3,35,3,9,7,27,0,9
902,27,36,0,15.26205062866211,16,39,41.3,19.5,0.0,2,35,3,9,21,19,9,7
596,19,36,0,16.99791145324707,10,68,41.2,19.8,0.0,3,35,3,7,27,11,9,11
341,11,36,0,17.9228458404541,20,57,41.8,19.8,0.0,2,35,3,11,19,12,7,14
392,12,36,0,19.217044830322266,17,48,41.3,19.5,0.0,2,35,3,14,11,22,11,0
698,22,36,0,19.721736907958984,14,34,41.8,19.8,0.0,2,35,3,0,12,24,14,14
800,24,36,0,19.791767120361328,19,46,42.0,19.8,0.0,2,35,3,14,22,9,0,8
291,9,37,0,2.0840845108032227,2,70,41.8,19.8,0.0,3,39,3,8,9,3,8,8
87,3,37,0,2.672799825668335,1,57,41.3,19.5,0.0,3,39,3,8,9,30,8,10
954,30,37,0,2.8358802795410156,4,44,41.3,19.5,0.0,3,39,3,10,3,15,8,4
495,15,37,0,4.119210243225098,5,52,41.8,19.8,0.0,3,39,3,4,30,31,10,4
1005,31,37,0,4.233750820159912,3,76,41.8,19.8,0.0,3,39,3,4,15,6,4,10
138,6,37,0,5.022982597351074,6,60,41.3,19.5,0.0,3,39,3,10,31,8,4,6
240,8,37,0,6.290585517883301,7,46,41.6,20.2,0.0,3,39,3,6,6,13,10,13
444,13,37,0,6.736310005187988,9,0,41.3,19.7,0.0,3,39,3,13,8,16,6,6
546,16,37,0,7.001487731933594,8,45,41.8,19.8,0.0,3,39,3,6,13,1,13,13
36,1,37,0,11.197091102600098,11,56,41.8,19.8,0.0,3,36,3,13,16,23,6,11
750,23,37,0,13.514532089233398,13,50,41.8,19.8,0.0,3,39,3,11,1,25,13,7
852,25,37,0,13.564116477966309,12,40,42.0,19.8,0.0,3,36,3,7,23,7,11,0
189,7,37,0,13.797842025756836,18,0,41.8,19.8,0.0,3,36,3,0,25,21,7,9
648,21,37,0,14.750600814819336,15,35,42.0,19.8,0.0,3,36,3,9,7,27,0,9
903,27,37,0,15.258498191833496,16,39,41.3,19.5,0.0,2,36,3,9,21,19,9,7
597,19,37,0,16.99262046813965,10,68,41.2,19.8,0.0,3,36,3,7,27,11,9,11
342,11,37,0,17.989789962768555,20,57,41.8,19.8,0.0,2,36,3,11,19,12,7,14
393,12,37,0,19.226306915283203,17,48,41.3,19.5,0.0,2,36,3,14,11,22,11,0
699,22,37,0,19.684654235839844,14,34,41.8,19.8,0.0,2,36,3,0,12,24,14,14
801,24,37,0,19.70248794555664,19,46,42.0,19.8,0.0,2,36,3,14,22,9,0,8
292,9,38,0,2.0984749794006348,2,70,41.8,19.8,0.0,3,40,3,8,9,3,8,8
88,3,38,0,2.5817325115203857,1,57,41.3,19.5,0.0,3,40,3,8,9,30,8,10
955,30,38,0,3.145815849304199,4,44,41.3,19.5,0.0,3,40,3,10,3,31,8,4
1006,31,38,0,4.181201457977295,3,76,41.8,19.8,0.0,3,40,3,4,30,15,10,4
496,15,38,0,4.1975860595703125,5,52,41.8,19.8,0.0,3,40,3,4,31,6,4,10
139,6,38,0,5.030786991119385,6,60,41.3,19.5,0.0,3,40,3,10,15,8,4,6
241,8,38,0,6.149596214294434,7,46,41.6,20.2,0.0,3,40,3,6,6,13,10,13
445,13,38,0,6.670436859130859,9,0,41.3,19.7,0.0,3,40,3,13,8,16,6,6
547,16,38,0,6.886146068572998,8,45,41.8,19.8,0.0,3,40,3,6,13,1,13,13
37,1,38,0,11.159303665161133,11,56,41.8,19.8,0.0,3,37,3,13,16,23,6,11
751,23,38,0,13.733914375305176,13,50,41.8,19.8,0.0,3,40,3,11,1,25,13,7
853,25,38,0,13.810728073120117,12,40,42.0,19.8,0.0,3,37,3,7,23,7,11,0
190,7,38,0,14.1091890335083,18,0,41.8,19.8,0.0,3,37,3,0,25,21,7,9
649,21,38,0,14.578250885009766,15,35,42.0,19.8,0.0,3,37,3,9,7,27,0,9
904,27,38,0,15.117124557495117,16,39,41.3,19.5,0.0,2,37,3,9,21,12,9,14
394,12,38,0,16.131038665771484,17,48,41.3,19.5,0.0,2,37,3,14,27,19,9,7
598,19,38,0,17.005571365356445,10,68,41.2,19.8,0.0,3,37,3,7,12,11,14,11
343,11,38,0,18.247013092041016,20,57,41.8,19.8,0.0,2,37,3,11,19,24,7,14
802,24,38,0,19.594438552856445,19,46,42.0,19.8,0.0,2,37,3,14,11,22,11,0
700,22,38,0,19.716400146484375,14,34,41.8,19.8,0.0,2,37,3,0,24,9,14,8
293,9,39,0,2.147099018096924,2,70,41.8,19.8,0.0,3,41,3,8,9,3,8,8
89,3,39,0,2.568695545196533,1,57,41.3,19.5,0.0,3,41,3,8,9,30,8,10
956,30,39,0,2.769059181213379,4,44,41.3,19.5,0.0,3,41,3,10,3,15,8,4
497,15,39,0,4.150115013122559,5,52,41.8,19.8,0.0,3,41,3,4,30,31,10,4
1007,31,39,0,4.310698986053467,3,76,41.8,19.8,0.0,3,41,3,4,15,6,4,10
140,6,39,0,5.147380828857422,6,60,41.3,19.5,0.0,3,41,3,10,31,8,4,6
242,8,39,0,6.146390914916992,7,46,41.6,20.2,0.0,3,41,3,6,6,16,10,6
548,16,39,0,6.714390277862549,8,45,41.8,19.8,0.0,3,41,3,6,8,13,6,13
446,13,39,0,6.733301162719727,9,0,41.3,19.7,0.0,3,41,3,13,16,1,6,13
38,1,39,0,11.406203269958496,11,56,41.8,19.8,0.0,3,38,3,13,13,7,13,0
191,7,39,0,13.557368278503418,18,0,41.8,19.8,0.0,3,38,3,0,1,25,13,7
854,25,39,0,13.651562690734863,12,40,42.0,19.8,0.0,3,38,3,7,7,23,0,11
752,23,39,0,13.702473640441895,13,50,41.8,19.8,0.0,3,41,3,11,25,21,7,9
650,21,39,0,15.187945365905762,15,35,42.0,19.8,0.0,3,38,3,9,23,27,11,9
905,27,39,0,15.738179206848145,16,39,41.3,19.5,0.0,2,38,3,9,21,19,9,7
599,19,39,0,17.117393493652344,10,68,41.2,19.8,0.0,3,38,3,7,27,12,9,14
395,12,39,0,17.59467315673828,17,48,41.3,19.5,0.0,2,38,3,14,19,11,7,11
344,11,39,0,18.38674545288086,20,57,41.8,19.8,0.0,2,38,3,11,12,24,14,14
803,24,39,0,19.549480438232422,19,46,42.0,19.8,0.0,2,38,3,14,11,22,11,0
701,22,39,0,19.672822952270508,14,34,41.8,19.8,0.0,2,38,3,0,24,9,14,8
294,9,40,0,2.1510703563690186,2,70,41.8,19.8,0.0,3,42,3,8,9,3,8,8
90,3,40,0,2.594778537750244,1,57,41.3,19.5,0.0,3,42,3,8,9,30,8,10
957,30,40,0,2.780837059020996,4,44,41.3,19.5,0.0,3,42,3,10,3,15,8,4
498,15,40,0,4.092336654663086,5,52,41.8,19.8,0.0,3,42,3,4,30,31,10,4
1008,31,40,0,4.2380852699279785,3,76,41.8,19.8,0.0,3,42,3,4,15,6,4,10
141,6,40,0,5.092386245727539,6,60,41.3,19.5,0.0,3,42,3,10,31,8,4,6
243,8,40,0,6.263869762420654,7,46,41.6,20.2,0.0,3,42,3,6,6,13,10,13
447,13,40,0,6.542540550231934,9,0,41.3,19.7,0.0,3,42,3,13,8,16,6,6
549,16,40,0,6.689556121826172,8,45,41.8,19.8,0.0,3,42,3,6,13,1,13,13
39,1,40,0,11.328452110290527,11,56,41.8,19.8,0.0,3,39,3,13,16,25,6,7
855,25,40,0,13.649491310119629,12,40,42.0,19.8,0.0,3,39,3,7,1,23,13,11
753,23,40,0,13.698989868164062,13,50,41.8,19.8,0.0,3,42,3,11,25,7,7,0
192,7,40,0,14.142314910888672,18,0,41.8,19.8,0.0,3,39,3,0,23,21,11,9
651,21,40,0,14.775310516357422,15,35,42.0,19.8,0.0,3,39,3,9,7,27,0,9
906,27,40,0,15.38704776763916,16,39,41.3,19.5,0.0,2,39,3,9,21,19,9,7
600,19,40,0,16.97722625732422,10,68,41.2,19.8,0.0,3,39,3,7,27,11,9,11
345,11,40,0,18.211524963378906,20,57,41.8,19.8,0.0,2,39,3,11,19,12,7,14
396,12,40,0,18.997880935668945,17,48,41.3,19.5,0.0,2,39,3,14,11,24,11,14
804,24,40,0,19.51445198059082,19,46,42.0,19.8,0.0,2,39,3,14,12,22,14,0
702,22,40,0,19.62501335144043,14,34,41.8,19.8,0.0,2,39,3,0,24,9,14,8
295,9,41,0,2.1278698444366455,2,70,41.8,19.8,0.0,3,43,3,8,9,3,8,8
91,3,41,0,2.550295352935791,1,57,41.3,19.5,0.0,3,43,3,8,9,30,8,10
958,30,41,0,2.7519500255584717,4,44,41.3,19.5,0.0,3,43,3,10,3,15,8,4
499,15,41,0,4.183238506317139,5,52,41.8,19.8,0.0,3,43,3,4,30,31,10,4
1009,31,41,0,4.230289936065674,3,76,41.8,19.8,0.0,3,43,3,4,15,6,4,10
142,6,41,0,5.028800964355469,6,60,41.3,19.5,0.0,3,43,3,10,31,8,4,6
244,8,41,0,6.1560821533203125,7,46,41.6,20.2,0.0,3,43,3,6,6,16,10,6
550,16,41,0,6.62075662612915,8,45,41.8,19.8,0.0,3,43,3,6,8,13,6,13
448,13,41,0,6.64449405670166,9,0,41.3,19.7,0.0,3,43,3,13,16,1,6,13
40,1,41,0,11.348048210144043,11,56,41.8,19.8,0.0,3,40,3,13,13,7,13,0
193,7,41,0,13.723967552185059,18,0,41.8,19.8,0.0,3,40,3,0,1,25,13,7
856,25,41,0,13.790567398071289,12,40,42.0,19.8,0.0,3,40,3,7,7,23,0,11
754,23,41,0,13.857577323913574,13,50,41.8,19.8,0.0,3,43,3,11,25,21,7,9
652,21,41,0,15.121011734008789,15,35,42.0,19.8,0.0,3,40,3,9,23,27,11,9
907,27,41,0,15.404492378234863,16,39,41.3,19.5,0.0,2,40,3,9,21,19,9,7
601,19,41,0,16.98649024963379,10,68,41.2,19.8,0.0,3,40,3,7,27,11,9,11
346,11,41,0,17.962932586669922,20,57,41.8,19.8,0.0,2,40,3,11,19,12,7,14
397,12,41,0,19.219284057617188,17,48,41.3,19.5,0.0,2,40,3,14,11,24,11,14
805,24,41,0,19.475160598754883,19,46,42.0,19.8,0.0,2,40,3,14,12,22,14,0
703,22,41,0,19.5794677734375,14,34,41.8,19.8,0.0,2,40,3,0,24,9,14,8
296,9,42,0,2.131133556365967,2,70,41.8,19.8,0.0,3,44,3,8,9,3,8,8
92,3,42,0,2.4586730003356934,1,57,41.3,19.5,0.0,3,44,3,8,9,30,8,10
959,30,42,0,3.0581912994384766,4,44,41.3,19.5,0.0,3,44,3,10,3,15,8,4
500,15,42,0,4.12029504776001,5,52,41.8,19.8,0.0,3,44,3,4,30,31,10,4
1010,31,42,0,4.2503662109375,3,76,41.8,19.8,0.0,3,44,3,4,15,6,4,10
143,6,42,0,5.018868446350098,6,60,41.3,19.5,0.0,3,44,3,10,31,8,4,6
245,8,42,0,6.055370330810547,7,46,41.6,20.2,0.0,3,44,3,6,6,16,10,6
551,16,42,0,6.543745040893555,8,45,41.8,19.8,0.0,3,44,3,6,8,13,6,13
449,13,42,0,6.607415199279785,9,0,41.3,19.7,0.0,3,44,3,13,16,1,6,13
41,1,42,0,11.321026802062988,11,56,41.8,19.8,0.0,3,41,3,13,13,23,13,11
755,23,42,0,14.038710594177246,13,50,41.8,19.8,0.0,3,44,3,11,1,25,13,7
857,25,42,0,14.108831405639648,12,40,42.0,19.8,0.0,3,41,3,7,23,7,11,0
194,7,42,0,14.146259307861328,18,0,41.8,19.8,0.0,3,41,3,0,25,21,7,9
653,21,42,0,14.925257682800293,15,35,42.0,19.8,0.0,3,41,3,9,7,27,0,9
908,27,42,0,15.218876838684082,16,39,41.3,19.5,0.0,2,41,3,9,21,12,9,14
398,12,42,0,16.032794952392578,17,48,41.3,19.5,0.0,2,41,3,14,27,19,9,7
602,19,42,0,16.996213912963867,10,68,41.2,19.8,0.0,3,41,3,7,12,11,14,11
347,11,42,0,18.132469177246094,20,57,41.8,19.8,0.0,2,41,3,11,19,22,7,0
704,22,42,0,19.479434967041016,14,34,41.8,19.8,0.0,2,41,3,0,11,24,11,14
806,24,42,0,19.48910903930664,19,46,42.0,19.8,0.0,2,41,3,14,22,9,0,8
297,9,43,0,2.1603810787200928,2,70,41.8,19.8,0.0,3,45,3,8,9,3,8,8
93,3,43,0,2.4345717430114746,1,57,41.3,19.5,0.0,3,45,3,8,9,30,8,10
960,30,43,0,2.587993621826172,4,44,41.3,19.5,0.0,3,45,3,10,3,15,8,4
501,15,43,0,4.169819355010986,5,52,41.8,19.8,0.0,3,45,3,4,30,31,10,4
1011,31,43,0,4.258640766143799,3,76,41.8,19.8,0.0,3,45,3,4,15,6,4,10
144,6,43,0,5.278464317321777,6,60,41.3,19.5,0.0,3,45,3,10,31,8,4,6
246,8,43,0,6.127098560333252,7,46,41.6,20.2,0.0,3,45,3,6,6,16,10,6
552,16,43,0,6.469198226928711,8,45,41.8,19.8,0.0,3,45,3,6,8,13,6,13
450,13,43,0,6.665367126464844,9,0,41.3,19.7,0.0,3,45,3,13,16,1,6,13
42,1,43,0,11.660590171813965,11,56,41.8,19.8,0.0,3,42,3,13,13,7,13,0
195,7,43,0,13.532708168029785,18,0,41.8,19.8,0.0,3,42,3,0,1,23,13,11
756,23,43,0,13.868990898132324,13,50,41.8,19.8,0.0,3,45,3,11,7,25,0,7
858,25,43,0,14.067413330078125,12,40,42.0,19.8,0.0,3,42,3,7,23,21,11,9
654,21,43,0,15.411933898925781,15,35,42.0,19.8,0.0,3,42,3,9,25,27,7,9
909,27,43,0,15.907919883728027,16,39,41.3,19.5,0.0,2,42,3,9,21,19,9,7
603,19,43,0,17.083595275878906,10,68,41.2,19.8,0.0,3,42,3,7,27,12,9,14
399,12,43,0,17.32468032836914,17,48,41.3,19.5,0.0,2,42,3,14,19,11,7,11
348,11,43,0,18.14002799987793,20,57,41.8,19.8,0.0,2,42,3,11,12,22,14,0
705,22,43,0,19.45269012451172,14,34,41.8,19.8,0.0,2,42,3,0,11,24,11,14
807,24,43,0,19.473649978637695,19,46,42.0,19.8,0.0,2,42,3,14,22,9,0,8
298,9,44,0,2.1643590927124023,2,70,41.8,19.8,0.0,3,46,3,8,9,3,8,8
94,3,44,0,2.4484946727752686,1,57,41.3,19.5,0.0,3,46,3,8,9,30,8,10
961,30,44,0,2.615408420562744,4,44,41.3,19.5,0.0,3,46,3,10,3,15,8,4
502,15,44,0,4.070849418640137,5,52,41.8,19.8,0.0,3,46,3,4,30,31,10,4
1012,31,44,0,4.174225807189941,3,76,41.8,19.8,0.0,3,46,3,4,15,6,4,10
145,6,44,0,5.15544319152832,6,60,41.3,19.5,0.0,3,46,3,10,31,8,4,6
247,8,44,0,6.2586259841918945,7,46,41.6,20.2,0.0,3,46,3,6,6,13,10,13
451,13,44,0,6.407163143157959,9,0,41.3,19.7,0.0,3,46,3,13,8,16,6,6
553,16,44,0,6.47047233581543,8,45,41.8,19.8,0.0,3,46,3,6,13,1,13,13
43,1,44,0,11.55617904663086,11,56,41.8,19.8,0.0,3,43,3,13,16,23,6,11
757,23,44,0,13.813054084777832,13,50,41.8,19.8,0.0,3,46,3,11,1,25,13,7
859,25,44,0,14.07662296295166,12,40,42.0,19.8,0.0,3,43,3,7,23,7,11,0
196,7,44,0,14.129717826843262,18,0,41.8,19.8,0.0,3,43,3,0,25,21,7,9
655,21,44,0,15.052409172058105,15,35,42.0,19.8,0.0,3,43,3,9,7,27,0,9
910,27,44,0,15.700648307800293,16,39,41.3,19.5,0.0,2,43,3,9,21,19,9,7
604,19,44,0,16.945369720458984,10,68,41.2,19.8,0.0,3,43,3,7,27,11,9,11
349,11,44,0,18.12060546875,20,57,41.8,19.8,0.0,2,43,3,11,19,12,7,14
400,12,44,0,18.592405319213867,17,48,41.3,19.5,0.0,2,43,3,14,11,22,11,0
706,22,44,0,19.405393600463867,14,34,41.8,19.8,0.0,2,43,3,0,12,24,14,14
808,24,44,0,19.428817749023438,19,46,42.0,19.8,0.0,2,43,3,14,22,9,0,8
299,9,45,0,2.144165515899658,2,70,41.8,19.8,0.0,3,47,3,8,9,3,8,8
95,3,45,0,2.413783550262451,1,57,41.3,19.5,0.0,3,47,3,8,9,30,8,10
962,30,45,0,2.567172050476074,4,44,41.3,19.5,0.0,3,47,3,10,3,31,8,4
1013,31,45,0,4.126077651977539,3,76,41.8,19.8,0.0,3,47,3,4,30,15,10,4
503,15,45,0,4.1753435134887695,5,52,41.8,19.8,0.0,3,47,3,4,31,6,4,10
146,6,45,0,5.09726619720459,6,60,41.3,19.5,0.0,3,47,3,10,15,8,4,6
248,8,45,0,6.111712455749512,7,46,41.6,20.2,0.0,3,47,3,6,6,16,10,6
554,16,45,0,6.440794467926025,8,45,41.8,19.8,0.0,3,47,3,6,8,13,6,13
452,13,45,0,6.685091018676758,9,0,41.3,19.7,0.0,3,47,3,13,16,1,6,13
44,1,45,0,11.574159622192383,11,56,41.8,19.8,0.0,3,44,3,13,13,7,13,0
197,7,45,0,13.723670959472656,18,0,41.8,19.8,0.0,3,44,3,0,1,23,13,11
758,23,45,0,14.135263442993164,13,50,41.8,19.8,0.0,3,47,3,11,7,25,0,7
860,25,45,0,14.147933959960938,12,40,42.0,19.8,0.0,3,44,3,7,23,21,11,9
656,21,45,0,15.374913215637207,15,35,42.0,19.8,0.0,3,44,3,9,25,27,7,9
911,27,45,0,15.745902061462402,16,39,41.3,19.5,0.0,2,44,3,9,21,19,9,7
605,19,45,0,16.952360153198242,10,68,41.2,19.8,0.0,3,44,3,7,27,11,9,11
350,11,45,0,18.002548217773438,20,57,41.8,19.8,0.0,2,44,3,11,19,12,7,14
401,12,45,0,18.97793960571289,17,48,41.3,19.5,0.0,2,44,3,14,11,22,11,0
707,22,45,0,19.360506057739258,14,34,41.8,19.8,0.0,2,44,3,0,12,24,14,14
809,24,45,0,19.380517959594727,19,46,42.0,19.8,0.0,2,44,3,14,22,9,0,8
300,9,46,0,2.1347293853759766,2,70,41.8,19.8,0.0,3,48,3,8,9,3,8,8
96,3,46,0,2.340449810028076,1,57,41.3,19.5,0.0,3,48,3,8,9,30,8,10
963,30,46,0,2.7983174324035645,4,44,41.3,19.5,0.0,3,48,3,10,3,15,8,4
504,15,46,0,4.051692485809326,5,52,41.8,19.8,0.0,3,48,3,4,30,31,10,4
1014,31,46,0,4.1168904304504395,3,76,41.8,19.8,0.0,3,48,3,4,15,6,4,10
147,6,46,0,5.0816168785095215,6,60,41.3,19.5,0.0,3,48,3,10,31,8,4,6
249,8,46,0,6.056337356567383,7,46,41.6,20.2,0.0,3,48,3,6,6,16,10,6
555,16,46,0,6.406060218811035,8,45,41.8,19.8,0.0,3,48,3,6,8,13,6,13
453,13,46,0,6.462100028991699,9,0,41.3,19.7,0.0,3,48,3,13,16,1,6,13
45,1,46,0,11.468574523925781,11,56,41.8,19.8,0.0,3,45,3,13,13,7,13,0
198,7,46,0,14.080159187316895,18,0,41.8,19.8,0.0,3,45,3,0,1,23,13,11
759,23,46,0,14.355891227722168,13,50,41.8,19.8,0.0,3,48,3,11,7,25,0,7
861,25,46,0,14.440683364868164,12,40,42.0,19.8,0.0,3,45,3,7,23,21,11,9
657,21,46,0,15.298735618591309,15,35,42.0,19.8,0.0,3,45,3,9,25,27,7,9
912,27,46,0,15.48855209350586,16,39,41.3,19.5,0.0,2,45,3,9,21,12,9,14
402,12,46,0,15.939499855041504,17,48,41.3,19.5,0.0,2,45,3,14,27,19,9,7
606,19,46,0,16.983285903930664,10,68,41.2,19.8,0.0,3,45,3,7,12,11,14,11
351,11,46,0,18.007814407348633,20,57,41.8,19.8,0.0,2,45,3,11,19,24,7,14
810,24,46,0,19.30447006225586,19,46,42.0,19.8,0.0,2,45,3,14,11,22,11,0
708,22,46,0,19.34524917602539,14,34,41.8,19.8,0.0,2,45,3,0,24,9,14,8
301,9,47,0,2.1414096355438232,2,70,41.8,19.8,0.0,3,49,3,8,9,3,8,8
97,3,47,0,2.3135414123535156,1,57,41.3,19.5,0.0,3,49,3,8,9,30,8,10
964,30,47,0,2.420962333679199,4,44,41.3,19.5,0.0,3,49,3,10,3,31,8,4
1015,31,47,0,4.082194805145264,3,76,41.8,19.8,0.0,3,49,3,4,30,15,10,4
505,15,47,0,4.145051002502441,5,52,41.8,19.8,0.0,3,49,3,4,31,6,4,10
148,6,47,0,5.3380584716796875,6,60,41.3,19.5,0.0,3,49,3,10,15,8,4,6
250,8,47,0,6.09021520614624,7,46,41.6,20.2,0.0,3,49,3,6,6,16,10,6
556,16,47,0,6.339933395385742,8,45,41.8,19.8,0.0,3,49,3,6,8,13,6,13
454,13,47,0,6.545070171356201,9,0,41.3,19.7,0.0,3,49,3,13,16,1,6,13
46,1,47,0,11.853147506713867,11,56,41.8,19.8,0.0,3,46,3,13,13,7,13,0
199,7,47,0,13.441126823425293,18,0,41.8,19.8,0.0,3,46,3,0,1,23,13,11
760,23,47,0,14.248929023742676,13,50,41.8,19.8,0.0,3,49,3,11,7,25,0,7
862,25,47,0,14.418333053588867,12,40,42.0,19.8,0.0,3,46,3,7,23,21,11,9
658,21,47,0,15.621813774108887,15,35,42.0,19.8,0.0,3,46,3,9,25,27,7,9
913,27,47,0,16.150001525878906,16,39,41.3,19.5,0.0,2,46,3,9,21,19,9,7
607,19,47,0,17.048242568969727,10,68,41.2,19.8,0.0,3,46,3,7,27,12,9,14
403,12,47,0,17.1474609375,17,48,41.3,19.5,0.0,2,46,3,14,19,11,7,11
352,11,47,0,18.42210578918457,20,57,41.8,19.8,0.0,2,46,3,11,12,24,14,14
811,24,47,0,19.207626342773438,19,46,42.0,19.8,0.0,2,46,3,14,11,22,11,0
709,22,47,0,19.31210708618164,14,34,41.8,19.8,0.0,2,46,3,0,24,9,14,8
302,9,48,0,2.133056163787842,2,70,41.8,19.8,0.0,3,50,3,8,9,3,8,8
98,3,48,0,2.3191003799438477,1,57,41.3,19.5,0.0,3,50,3,8,9,30,8,10
965,30,48,0,2.4040958881378174,4,44,41.3,19.5,0.0,3,50,3,10,3,15,8,4
506,15,48,0,3.96444034576416,5,52,41.8,19.8,0.0,3,50,3,4,30,31,10,4
1016,31,48,0,3.9648079872131348,3,76,41.8,19.8,0.0,3,50,3,4,15,6,4,10
149,6,48,0,5.1825995445251465,6,60,41.3,19.5,0.0,3,50,3,10,31,8,4,6
251,8,48,0,6.16934061050415,7,46,41.6,20.2,0.0,3,50,3,6,6,16,10,6
557,16,48,0,6.329306602478027,8,45,41.8,19.8,0.0,3,50,3,6,8,13,6,13
455,13,48,0,6.394598007202148,9,0,41.3,19.7,0.0,3,50,3,13,16,1,6,13
47,1,48,0,11.584611892700195,11,56,41.8,19.8,0.0,3,47,3,13,13,7,13,0
200,7,48,0,14.119731903076172,18,0,41.8,19.8,0.0,3,47,3,0,1,23,13,11
761,23,48,0,14.293888092041016,13,50,41.8,19.8,0.0,3,50,3,11,7,25,0,7
863,25,48,0,14.3518648147583,12,40,42.0,19.8,0.0,3,47,3,7,23,21,11,9
659,21,48,0,15.425773620605469,15,35,42.0,19.8,0.0,3,47,3,9,25,27,7,9
914,27,48,0,16.059181213378906,16,39,41.3,19.5,0.0,2,47,3,9,21,19,9,7
608,19,48,0,16.932531356811523,10,68,41.2,19.8,0.0,3,47,3,7,27,12,9,14
404,12,48,0,18.264331817626953,17,48,41.3,19.5,0.0,2,47,3,14,19,11,7,11
353,11,48,0,18.310815811157227,20,57,41.8,19.8,0.0,2,47,3,11,12,24,14,14
812,24,48,0,19.172569274902344,19,46,42.0,19.8,0.0,2,47,3,14,11,22,11,0
710,22,48,0,19.291654586791992,14,34,41.8,19.8,0.0,2,47,3,0,24,9,14,8
303,9,49,0,2.104797601699829,2,70,41.8,19.8,0.0,3,51,3,8,9,3,8,8
99,3,49,0,2.293886661529541,1,57,41.3,19.5,0.0,3,51,3,8,9,30,8,10
966,30,49,0,2.411316156387329,4,44,41.3,19.5,0.0,3,51,3,10,3,15,8,4
507,15,49,0,4.0351409912109375,5,52,41.8,19.8,0.0,3,51,3,4,30,31,10,4
1017,31,49,0,4.074032306671143,3,76,41.8,19.8,0.0,3,51,3,4,15,6,4,10
150,6,49,0,5.051513195037842,6,60,41.3,19.5,0.0,3,51,3,10,31,8,4,6
252,8,49,0,6.019673824310303,7,46,41.6,20.2,0.0,3,51,3,6,6,16,10,6
558,16,49,0,6.316028594970703,8,45,41.8,19.8,0.0,3,51,3,6,8,13,6,13
456,13,49,0,6.651863098144531,9,0,41.3,19.7,0.0,3,51,3,13,16,1,6,13
48,1,49,0,11.759410858154297,11,56,41.8,19.8,0.0,3,48,3,13,13,7,13,0
201,7,49,0,13.687432289123535,18,0,41.8,19.8,0.0,3,48,3,0,1,25,13,7
864,25,49,0,14.48757266998291,12,40,42.0,19.8,0.0,3,48,3,7,7,23,0,11
762,23,49,0,14.51080322265625,13,50,41.8,19.8,0.0,3,51,3,11,25,21,7,9
660,21,49,0,15.638104438781738,15,35,42.0,19.8,0.0,3,48,3,9,23,27,11,9
915,27,49,0,16.097705841064453,16,39,41.3,19.5,0.0,2,48,3,9,21,19,9,7
609,19,49,0,16.95013427734375,10,68,41.2,19.8,0.0,3,48,3,7,27,11,9,11
354,11,49,0,17.91567611694336,20,57,41.8,19.8,0.0,2,48,3,11,19,12,7,14
405,12,49,0,18.93546485900879,17,48,41.3,19.5,0.0,2,48,3,14,11,24,11,14
813,24,49,0,19.14401626586914,19,46,42.0,19.8,0.0,2,48,3,14,12,22,14,0
711,22,49,0,19.266357421875,14,34,41.8,19.8,0.0,2,48,3,0,24,9,14,8
304,9,50,0,2.0795321464538574,2,70,41.8,19.8,0.0,3,52,3,8,9,3,8,8
100,3,50,0,2.236144781112671,1,57,41.3,19.5,0.0,3,52,3,8,9,30,8,10
967,30,50,0,2.5392956733703613,4,44,41.3,19.5,0.0,3,52,3,10,3,31,8,4
1018,31,50,0,3.905611038208008,3,76,41.8,19.8,0.0,3,52,3,4,30,15,10,4
508,15,50,0,3.9414939880371094,5,52,41.8,19.8,0.0,3,52,3,4,31,6,4,10
151,6,50,0,5.070423603057861,6,60,41.3,19.5,0.0,3,52,3,10,15,8,4,6
253,8,50,0,5.959730625152588,7,46,41.6,20.2,0.0,3,52,3,6,6,16,10,6
559,16,50,0,6.299703598022461,8,45,41.8,19.8,0.0,3,52,3,6,8,13,6,13
457,13,50,0,6.3812384605407715,9,0,41.3,19.7,0.0,3,52,3,13,16,1,6,13
49,1,50,0,11.494630813598633,11,56,41.8,19.8,0.0,3,49,3,13,13,7,13,0
202,7,50,0,14.162676811218262,18,0,41.8,19.8,0.0,3,49,3,0,1,25,13,7
865,25,50,0,14.73222827911377,12,40,42.0,19.8,0.0,3,49,3,7,7,23,0,11
763,23,50,0,14.7424898147583,13,50,41.8,19.8,0.0,3,52,3,11,25,21,7,9
661,21,50,0,15.608122825622559,15,35,42.0,19.8,0.0,3,49,3,9,23,27,11,9
916,27,50,0,15.766910552978516,16,39,41.3,19.5,0.0,2,49,3,9,21,12,9,14
406,12,50,0,15.853348731994629,17,48,41.3,19.5,0.0,2,49,3,14,27,19,9,7
610,19,50,0,17.032470703125,10,68,41.2,19.8,0.0,3,49,3,7,12,11,14,11
355,11,50,0,17.880529403686523,20,57,41.8,19.8,0.0,2,49,3,11,19,24,7,14
814,24,50,0,19.165878295898438,19,46,42.0,19.8,0.0,2,49,3,14,11,22,11,0
712,22,50,0,19.225080490112305,14,34,41.8,19.8,0.0,2,49,3,0,24,9,14,8
305,9,51,0,2.065980911254883,2,70,41.8,19.8,0.0,3,53,3,8,9,3,8,8
101,3,51,0,2.2072558403015137,1,57,41.3,19.5,0.0,3,53,3,8,9,30,8,10
968,30,51,0,2.329969644546509,4,44,41.3,19.5,0.0,3,53,3,10,3,15,8,4
509,15,51,0,3.9027295112609863,5,52,41.8,19.8,0.0,3,53,3,4,30,31,10,4
1019,31,51,0,4.049300670623779,3,76,41.8,19.8,0.0,3,53,3,4,15,6,4,10
152,6,51,0,5.3087992668151855,6,60,41.3,19.5,0.0,3,53,3,10,31,8,4,6
254,8,51,0,5.989322662353516,7,46,41.6,20.2,0.0,3,53,3,6,6,16,10,6
560,16,51,0,6.2339348793029785,8,45,41.8,19.8,0.0,3,53,3,6,8,13,6,13
458,13,51,0,6.425317764282227,9,0,41.3,19.7,0.0,3,53,3,13,16,1,6,13
50,1,51,0,11.80729866027832,11,56,41.8,19.8,0.0,3,50,3,13,13,7,13,0
203,7,51,0,13.29430103302002,18,0,41.8,19.8,0.0,3,50,3,0,1,23,13,11
764,23,51,0,14.658507347106934,13,50,41.8,19.8,0.0,3,53,3,11,7,25,0,7
866,25,51,0,14.735235214233398,12,40,42.0,19.8,0.0,3,50,3,7,23,21,11,9
662,21,51,0,15.880252838134766,15,35,42.0,19.8,0.0,3,50,3,9,25,27,7,9
917,27,51,0,16.385517120361328,16,39,41.3,19.5,0.0,2,50,3,9,21,19,9,7
611,19,51,0,16.99945068359375,10,68,41.2,19.8,0.0,3,50,3,7,27,12,9,14
407,12,51,0,17.026336669921875,17,48,41.3,19.5,0.0,2,50,3,14,19,11,7,11
356,11,51,0,17.862775802612305,20,57,41.8,19.8,0.0,2,50,3,11,12,24,14,14
815,24,51,0,19.1688175201416,19,46,42.0,19.8,0.0,2,50,3,14,11,22,11,0
713,22,51,0,19.21839141845703,14,34,41.8,19.8,0.0,2,50,3,0,24,9,14,8
1025,9,52,0,2.046675682067871,2,70,41.8,19.8,0.0,3,54,3,8,9,3,8,8
1021,3,52,0,2.2089595794677734,1,57,41.3,19.5,0.0,3,54,3,8,9,30,8,10
1038,30,52,0,2.224066734313965,4,44,41.3,19.5,0.0,3,54,3,10,3,31,8,4
1039,31,52,0,3.7616162300109863,3,76,41.8,19.8,0.0,3,54,3,4,30,15,10,4
1029,15,52,0,3.9383745193481445,5,52,41.8,19.8,0.0,3,54,3,4,31,6,4,10
1022,6,52,0,5.155716419219971,6,60,41.3,19.5,0.0,3,54,3,10,15,8,4,6
1024,8,52,0,6.076680660247803,7,46,41.6,20.2,0.0,3,54,3,6,6,16,10,6
1030,16,52,0,6.22570276260376,8,45,41.8,19.8,0.0,3,54,3,6,8,13,6,13
1028,13,52,0,6.266219615936279,9,0,41.3,19.7,0.0,3,54,3,13,16,1,6,13
1020,1,52,0,11.584754943847656,11,56,41.8,19.8,0.0,3,51,3,13,13,7,13,0
1023,7,52,0,14.255127906799316,18,0,41.8,19.8,0.0,3,51,3,0,1,25,13,7
1036,25,52,0,14.66201114654541,12,40,42.0,19.8,0.0,3,51,3,7,7,23,0,11
1034,23,52,0,14.689789772033691,13,50,41.8,19.8,0.0,3,54,3,11,25,21,7,9
1032,21,52,0,15.716150283813477,15,35,42.0,19.8,0.0,3,51,3,9,23,27,11,9
1037,27,52,0,16.39118194580078,16,39,41.3,19.5,0.0,2,51,3,9,21,19,9,7
1031,19,52,0,16.912551879882812,10,68,41.2,19.8,0.0,3,51,3,7,27,12,9,14
1027,12,52,0,17.953630447387695,17,48,41.3,19.5,0.0,2,51,3,14,19,11,7,11
1026,11,52,0,18.060930252075195,20,57,41.8,19.8,0.0,2,51,3,11,12,24,14,14
1035,24,52,0,19.138042449951172,19,46,42.0,19.8,0.0,2,51,3,14,11,22,11,0
1033,22,52,0,19.19735336303711,14,34,41.8,19.8,0.0,2,51,3,0,24,9,14,8
