,driver,lap,trackStatus,position,grid,performance,trackTemp,airTemp,raining,tyre,tyreLap,track,team,driverPrev,teamPrev,driverNext,teamNext
340,9,1,0,1,1,0,38.8,24.2,0.0,3,3,9,8,9,8,22,4
816,22,1,0,2,2,0,38.8,24.2,0.0,3,3,9,4,9,8,31,4
1292,31,1,0,3,3,0,38.2,24.2,0.0,3,3,9,4,22,4,16,6
612,16,1,0,4,4,0,36.7,23.9,0.0,3,3,9,6,31,4,30,10
1224,30,1,0,5,5,0,36.7,23.9,0.0,2,3,9,10,16,6,8,6
272,8,1,0,6,6,0,38.9,24.2,0.0,3,3,9,6,30,10,11,11
476,11,1,0,7,7,0,37.1,24.1,0.0,3,3,9,11,8,6,23,10
884,23,1,0,8,8,0,38.9,24.2,0.0,2,3,9,10,11,11,25,11
952,25,1,0,9,9,0,38.2,24.2,0.0,3,3,9,11,23,10,2,7
0,2,1,0,10,10,0,38.8,24.2,0.0,3,0,9,7,25,11,29,7
1156,29,1,0,11,11,0,38.9,24.2,0.0,3,0,9,7,2,7,21,5
748,21,1,0,12,12,0,38.9,24.2,0.0,3,0,9,5,29,7,20,5
680,20,1,0,13,13,0,38.8,24.2,0.0,3,0,9,5,21,5,27,14
1088,27,1,0,14,14,0,38.8,24.2,0.0,2,0,9,14,20,5,3,8
68,3,1,0,15,15,0,38.9,24.2,0.0,3,3,9,8,27,14,4,12
136,4,1,0,16,16,0,36.6,23.9,0.0,2,0,9,12,3,8,6,13
204,6,1,0,17,17,0,36.4,23.5,0.0,3,0,9,13,4,12,15,12
544,15,1,0,18,18,0,38.8,24.2,0.0,2,0,9,12,6,13,26,14
1020,26,1,0,19,19,0,37.9,23.9,0.0,2,0,9,14,15,12,10,13
408,10,1,0,20,20,0,38.8,24.2,0.0,2,0,9,13,26,14,9,8
341,9,2,0,1,1,0,36.7,23.9,0.0,3,4,9,8,9,8,22,4
817,22,2,0,2,2,0,36.7,23.9,0.0,3,4,9,4,9,8,31,4
1293,31,2,0,3,3,0,36.8,23.9,0.0,3,4,9,4,22,4,16,6
613,16,2,0,4,4,0,36.4,23.5,0.0,3,4,9,6,31,4,30,10
1225,30,2,0,5,5,0,36.8,23.9,0.0,2,4,9,10,16,6,8,6
273,8,2,0,6,6,0,37.1,24.1,0.0,3,4,9,6,30,10,11,11
477,11,2,0,7,7,0,36.7,23.9,0.0,3,4,9,11,8,6,23,10
885,23,2,0,8,8,0,36.6,23.8,0.0,2,4,9,10,11,11,25,11
953,25,2,0,9,9,0,37.1,24.1,0.0,3,4,9,11,23,10,2,7
1,2,2,0,10,10,0,38.9,24.2,0.0,3,1,9,7,25,11,29,7
1157,29,2,0,11,11,0,38.2,24.2,0.0,3,1,9,7,2,7,21,5
749,21,2,0,12,12,0,36.7,23.9,0.0,3,1,9,5,29,7,20,5
681,20,2,0,13,13,0,38.2,24.2,0.0,3,1,9,5,21,5,27,14
1089,27,2,0,14,14,0,38.9,24.2,0.0,2,1,9,14,20,5,3,8
69,3,2,0,15,15,0,37.1,24.1,0.0,3,4,9,8,27,14,4,12
137,4,2,0,16,16,0,36.5,24.1,0.0,2,1,9,12,3,8,6,13
205,6,2,0,17,17,0,36.3,23.9,0.0,3,1,9,13,4,12,15,12
545,15,2,0,18,18,0,38.2,24.2,0.0,2,1,9,12,6,13,26,14
1021,26,2,0,19,19,0,36.2,23.9,0.0,2,1,9,14,15,12,10,13
409,10,2,0,20,20,0,38.9,24.2,0.0,0,0,9,13,26,14,9,8
342,9,3,0,1,1,0,36.8,23.9,0.0,3,5,9,8,9,8,22,4
818,22,3,0,2,2,0,36.6,23.8,0.0,3,5,9,4,9,8,31,4
1294,31,3,0,3,3,0,36.6,23.8,0.0,3,5,9,4,22,4,16,6
614,16,3,0,4,4,0,36.4,23.5,0.0,3,5,9,6,31,4,30,10
1226,30,3,0,5,5,0,36.6,23.8,0.0,2,5,9,10,16,6,8,6
274,8,3,0,6,6,0,36.6,23.8,0.0,3,5,9,6,30,10,11,11
478,11,3,0,7,7,0,36.8,23.9,0.0,3,5,9,11,8,6,23,10
886,23,3,0,8,8,0,36.4,23.5,0.0,2,5,9,10,11,11,25,11
954,25,3,0,9,9,0,36.7,23.9,0.0,3,5,9,11,23,10,2,7
2,2,3,0,10,10,0,38.2,24.2,0.0,3,2,9,7,25,11,29,7
1158,29,3,0,11,11,0,37.1,24.1,0.0,3,2,9,7,2,7,21,5
750,21,3,0,12,12,0,36.6,23.8,0.0,3,2,9,5,29,7,20,5
682,20,3,0,13,13,0,36.8,23.9,0.0,3,2,9,5,21,5,27,14
1090,27,3,0,14,14,0,37.1,24.1,0.0,2,2,9,14,20,5,3,8
70,3,3,0,15,15,0,36.7,23.9,0.0,3,5,9,8,27,14,4,12
138,4,3,0,16,16,0,33.4,24.2,0.0,2,2,9,12,3,8,6,13
206,6,3,0,17,17,0,37.2,23.7,0.0,3,2,9,13,4,12,15,12
546,15,3,0,18,18,0,36.8,23.9,0.0,2,2,9,12,6,13,26,14
1022,26,3,0,19,19,0,38.4,24.3,0.0,2,2,9,14,15,12,10,13
410,10,3,0,20,20,0,37.1,24.1,0.0,0,1,9,13,26,14,9,8
343,9,4,0,1,1,0,36.8,23.9,0.0,3,6,9,8,4,4,9,4
819,22,4,0,2,2,0,36.6,23.8,0.0,3,6,9,4,4,4,9,4
1295,31,4,0,3,3,0,36.6,23.8,0.0,3,6,9,4,6,6,22,6
615,16,4,0,4,4,0,36.4,23.5,0.0,3,6,9,6,10,10,31,10
1227,30,4,0,5,5,0,36.6,23.8,0.0,2,6,9,10,6,6,16,6
275,8,4,0,6,6,0,36.6,23.8,0.0,3,6,9,6,11,11,30,11
479,11,4,0,7,7,0,36.8,23.9,0.0,3,6,9,11,10,10,8,10
887,23,4,0,8,8,0,36.4,23.5,0.0,2,6,9,10,11,11,11,11
955,25,4,0,9,9,0,36.7,23.9,0.0,3,6,9,11,7,7,23,7
3,2,4,0,10,10,0,38.2,24.2,0.0,3,3,9,7,7,7,25,7
1159,29,4,0,11,11,0,37.1,24.1,0.0,3,3,9,7,5,5,2,5
751,21,4,0,12,12,0,36.6,23.8,0.0,3,3,9,5,5,5,29,5
683,20,4,0,13,13,0,36.8,23.9,0.0,3,3,9,5,14,14,21,14
1091,27,4,0,14,14,0,37.1,24.1,0.0,2,3,9,14,8,8,20,8
71,3,4,0,15,15,0,36.7,23.9,0.0,3,6,9,8,12,12,27,12
139,4,4,0,16,16,0,33.4,24.2,0.0,2,3,9,12,13,13,3,13
207,6,4,0,17,17,0,37.2,23.7,0.0,3,3,9,13,12,12,4,12
547,15,4,0,18,18,0,36.8,23.9,0.0,2,3,9,12,14,14,6,14
1023,26,4,0,19,19,0,38.4,24.3,0.0,2,3,9,14,13,13,15,13
411,10,4,0,20,20,0,37.1,24.1,0.0,0,2,9,13,8,8,26,8
344,9,5,0,1,1,0,36.8,23.9,0.0,3,7,9,8,4,4,9,4
820,22,5,0,2,2,0,36.6,23.8,0.0,3,7,9,4,4,4,9,4
1296,31,5,0,3,3,0,36.6,23.8,0.0,3,7,9,4,6,6,22,6
616,16,5,0,4,4,0,36.4,23.5,0.0,3,7,9,6,10,10,31,10
1228,30,5,0,5,5,0,36.6,23.8,0.0,2,7,9,10,6,6,16,6
276,8,5,0,6,6,0,36.6,23.8,0.0,3,7,9,6,11,11,30,11
480,11,5,0,7,7,0,36.8,23.9,0.0,3,7,9,11,10,10,8,10
888,23,5,0,8,8,0,36.4,23.5,0.0,2,7,9,10,11,11,11,11
956,25,5,0,9,9,0,36.7,23.9,0.0,3,7,9,11,7,7,23,7
4,2,5,0,10,10,0,38.2,24.2,0.0,3,4,9,7,7,7,25,7
1160,29,5,0,11,11,0,37.1,24.1,0.0,3,4,9,7,5,5,2,5
752,21,5,0,12,12,0,36.6,23.8,0.0,3,4,9,5,5,5,29,5
684,20,5,0,13,13,0,36.8,23.9,0.0,3,4,9,5,14,14,21,14
1092,27,5,0,14,14,0,37.1,24.1,0.0,2,4,9,14,8,8,20,8
72,3,5,0,15,15,0,36.7,23.9,0.0,3,7,9,8,12,12,27,12
140,4,5,0,16,16,0,33.4,24.2,0.0,2,4,9,12,13,13,3,13
208,6,5,0,17,17,0,37.2,23.7,0.0,3,4,9,13,12,12,4,12
548,15,5,0,18,18,0,36.8,23.9,0.0,2,4,9,12,14,14,6,14
1024,26,5,0,19,19,0,38.4,24.3,0.0,2,4,9,14,13,13,15,13
412,10,5,0,20,20,0,37.1,24.1,0.0,0,3,9,13,8,8,26,8
345,9,6,0,1,1,0,36.8,23.9,0.0,3,8,9,8,4,4,9,4
821,22,6,0,2,2,0,36.6,23.8,0.0,3,8,9,4,4,4,9,4
1297,31,6,0,3,3,0,36.6,23.8,0.0,3,8,9,4,6,6,22,6
617,16,6,0,4,4,0,36.4,23.5,0.0,3,8,9,6,10,10,31,10
1229,30,6,0,5,5,0,36.6,23.8,0.0,2,8,9,10,6,6,16,6
277,8,6,0,6,6,0,36.6,23.8,0.0,3,8,9,6,11,11,30,11
481,11,6,0,7,7,0,36.8,23.9,0.0,3,8,9,11,10,10,8,10
889,23,6,0,8,8,0,36.4,23.5,0.0,2,8,9,10,11,11,11,11
957,25,6,0,9,9,0,36.7,23.9,0.0,3,8,9,11,7,7,23,7
5,2,6,0,10,10,0,38.2,24.2,0.0,3,5,9,7,7,7,25,7
1161,29,6,0,11,11,0,37.1,24.1,0.0,3,5,9,7,5,5,2,5
753,21,6,0,12,12,0,36.6,23.8,0.0,3,5,9,5,5,5,29,5
685,20,6,0,13,13,0,36.8,23.9,0.0,3,5,9,5,14,14,21,14
1093,27,6,0,14,14,0,37.1,24.1,0.0,2,5,9,14,8,8,20,8
73,3,6,0,15,15,0,36.7,23.9,0.0,3,8,9,8,12,12,27,12
141,4,6,0,16,16,0,33.4,24.2,0.0,2,5,9,12,13,13,3,13
209,6,6,0,17,17,0,37.2,23.7,0.0,3,5,9,13,12,12,4,12
549,15,6,0,18,18,0,36.8,23.9,0.0,2,5,9,12,14,14,6,14
1025,26,6,0,19,19,0,38.4,24.3,0.0,2,5,9,14,13,13,15,13
413,10,6,0,20,20,0,37.1,24.1,0.0,0,4,9,13,8,8,26,8
346,9,7,0,1,1,0,36.8,23.9,0.0,3,9,9,8,4,4,9,4
822,22,7,0,2,2,0,36.6,23.8,0.0,3,9,9,4,4,4,9,4
1298,31,7,0,3,3,0,36.6,23.8,0.0,3,9,9,4,6,6,22,6
618,16,7,0,4,4,0,36.4,23.5,0.0,3,9,9,6,10,10,31,10
1230,30,7,0,5,5,0,36.6,23.8,0.0,2,9,9,10,6,6,16,6
278,8,7,0,6,6,0,36.6,23.8,0.0,3,9,9,6,11,11,30,11
482,11,7,0,7,7,0,36.8,23.9,0.0,3,9,9,11,10,10,8,10
890,23,7,0,8,8,0,36.4,23.5,0.0,2,9,9,10,11,11,11,11
958,25,7,0,9,9,0,36.7,23.9,0.0,3,9,9,11,7,7,23,7
6,2,7,0,10,10,0,38.2,24.2,0.0,3,6,9,7,7,7,25,7
1162,29,7,0,11,11,0,37.1,24.1,0.0,3,6,9,7,5,5,2,5
754,21,7,0,12,12,0,36.6,23.8,0.0,3,6,9,5,5,5,29,5
686,20,7,0,13,13,0,36.8,23.9,0.0,3,6,9,5,14,14,21,14
1094,27,7,0,14,14,0,37.1,24.1,0.0,2,6,9,14,8,8,20,8
74,3,7,0,15,15,0,36.7,23.9,0.0,3,9,9,8,12,12,27,12
142,4,7,0,16,16,0,33.4,24.2,0.0,2,6,9,12,13,13,3,13
210,6,7,0,17,17,0,37.2,23.7,0.0,3,6,9,13,12,12,4,12
550,15,7,0,18,18,0,36.8,23.9,0.0,2,6,9,12,14,14,6,14
1026,26,7,0,19,19,0,38.4,24.3,0.0,2,6,9,14,13,13,15,13
414,10,7,0,20,20,0,37.1,24.1,0.0,0,5,9,13,8,8,26,8
347,9,8,0,1,1,0,36.8,23.9,0.0,3,10,9,8,4,4,9,4
823,22,8,0,2,2,0,36.6,23.8,0.0,3,10,9,4,4,4,9,4
1299,31,8,0,3,3,0,36.6,23.8,0.0,3,10,9,4,6,6,22,6
619,16,8,0,4,4,0,36.4,23.5,0.0,3,10,9,6,10,10,31,10
1231,30,8,0,5,5,0,36.6,23.8,0.0,2,10,9,10,6,6,16,6
279,8,8,0,6,6,0,36.6,23.8,0.0,3,10,9,6,11,11,30,11
483,11,8,0,7,7,0,36.8,23.9,0.0,3,10,9,11,10,10,8,10
891,23,8,0,8,8,0,36.4,23.5,0.0,2,10,9,10,11,11,11,11
959,25,8,0,9,9,0,36.7,23.9,0.0,3,10,9,11,7,7,23,7
7,2,8,0,10,10,0,38.2,24.2,0.0,3,7,9,7,7,7,25,7
1163,29,8,0,11,11,0,37.1,24.1,0.0,3,7,9,7,5,5,2,5
755,21,8,0,12,12,0,36.6,23.8,0.0,3,7,9,5,5,5,29,5
687,20,8,0,13,13,0,36.8,23.9,0.0,3,7,9,5,14,14,21,14
1095,27,8,0,14,14,0,37.1,24.1,0.0,2,7,9,14,8,8,20,8
75,3,8,0,15,15,0,36.7,23.9,0.0,3,10,9,8,12,12,27,12
143,4,8,0,16,16,0,33.4,24.2,0.0,2,7,9,12,13,13,3,13
211,6,8,0,17,17,0,37.2,23.7,0.0,3,7,9,13,12,12,4,12
551,15,8,0,18,18,0,36.8,23.9,0.0,2,7,9,12,14,14,6,14
1027,26,8,0,19,19,0,38.4,24.3,0.0,2,7,9,14,13,13,15,13
415,10,8,0,20,20,0,37.1,24.1,0.0,0,6,9,13,8,8,26,8
348,9,9,0,1,1,0,36.8,23.9,0.0,3,11,9,8,4,4,9,4
824,22,9,0,2,2,0,36.6,23.8,0.0,3,11,9,4,4,4,9,4
1300,31,9,0,3,3,0,36.6,23.8,0.0,3,11,9,4,6,6,22,6
620,16,9,0,4,4,0,36.4,23.5,0.0,3,11,9,6,10,10,31,10
1232,30,9,0,5,5,0,36.6,23.8,0.0,2,11,9,10,6,6,16,6
280,8,9,0,6,6,0,36.6,23.8,0.0,3,11,9,6,11,11,30,11
484,11,9,0,7,7,0,36.8,23.9,0.0,3,11,9,11,10,10,8,10
892,23,9,0,8,8,0,36.4,23.5,0.0,2,11,9,10,11,11,11,11
960,25,9,0,9,9,0,36.7,23.9,0.0,3,11,9,11,7,7,23,7
8,2,9,0,10,10,0,38.2,24.2,0.0,3,8,9,7,7,7,25,7
1164,29,9,0,11,11,0,37.1,24.1,0.0,3,8,9,7,5,5,2,5
756,21,9,0,12,12,0,36.6,23.8,0.0,3,8,9,5,5,5,29,5
688,20,9,0,13,13,0,36.8,23.9,0.0,3,8,9,5,14,14,21,14
1096,27,9,0,14,14,0,37.1,24.1,0.0,2,8,9,14,8,8,20,8
76,3,9,0,15,15,0,36.7,23.9,0.0,3,11,9,8,12,12,27,12
144,4,9,0,16,16,0,33.4,24.2,0.0,2,8,9,12,13,13,3,13
212,6,9,0,17,17,0,37.2,23.7,0.0,3,8,9,13,12,12,4,12
552,15,9,0,18,18,0,36.8,23.9,0.0,2,8,9,12,14,14,6,14
1028,26,9,0,19,19,0,38.4,24.3,0.0,2,8,9,14,13,13,15,13
416,10,9,0,20,20,0,37.1,24.1,0.0,0,7,9,13,8,8,26,8
349,9,10,0,1,1,0,36.8,23.9,0.0,3,12,9,8,4,4,9,4
825,22,10,0,2,2,0,36.6,23.8,0.0,3,12,9,4,4,4,9,4
1301,31,10,0,3,3,0,36.6,23.8,0.0,3,12,9,4,6,6,22,6
621,16,10,0,4,4,0,36.4,23.5,0.0,3,12,9,6,10,10,31,10
1233,30,10,0,5,5,0,36.6,23.8,0.0,2,12,9,10,6,6,16,6
281,8,10,0,6,6,0,36.6,23.8,0.0,3,12,9,6,11,11,30,11
485,11,10,0,7,7,0,36.8,23.9,0.0,3,12,9,11,10,10,8,10
893,23,10,0,8,8,0,36.4,23.5,0.0,2,12,9,10,11,11,11,11
961,25,10,0,9,9,0,36.7,23.9,0.0,3,12,9,11,7,7,23,7
9,2,10,0,10,10,0,38.2,24.2,0.0,3,9,9,7,7,7,25,7
1165,29,10,0,11,11,0,37.1,24.1,0.0,3,9,9,7,5,5,2,5
757,21,10,0,12,12,0,36.6,23.8,0.0,3,9,9,5,5,5,29,5
689,20,10,0,13,13,0,36.8,23.9,0.0,3,9,9,5,14,14,21,14
1097,27,10,0,14,14,0,37.1,24.1,0.0,2,9,9,14,8,8,20,8
77,3,10,0,15,15,0,36.7,23.9,0.0,3,12,9,8,12,12,27,12
145,4,10,0,16,16,0,33.4,24.2,0.0,2,9,9,12,13,13,3,13
213,6,10,0,17,17,0,37.2,23.7,0.0,3,9,9,13,12,12,4,12
553,15,10,0,18,18,0,36.8,23.9,0.0,2,9,9,12,14,14,6,14
1029,26,10,0,19,19,0,38.4,24.3,0.0,2,9,9,14,13,13,15,13
417,10,10,0,20,20,0,37.1,24.1,0.0,0,8,9,13,8,8,26,8
350,9,11,0,1,1,0,36.8,23.9,0.0,3,13,9,8,4,4,9,4
826,22,11,0,2,2,0,36.6,23.8,0.0,3,13,9,4,4,4,9,4
1302,31,11,0,3,3,0,36.6,23.8,0.0,3,13,9,4,6,6,22,6
622,16,11,0,4,4,0,36.4,23.5,0.0,3,13,9,6,10,10,31,10
1234,30,11,0,5,5,0,36.6,23.8,0.0,2,13,9,10,6,6,16,6
282,8,11,0,6,6,0,36.6,23.8,0.0,3,13,9,6,11,11,30,11
486,11,11,0,7,7,0,36.8,23.9,0.0,3,13,9,11,10,10,8,10
894,23,11,0,8,8,0,36.4,23.5,0.0,2,13,9,10,11,11,11,11
962,25,11,0,9,9,0,36.7,23.9,0.0,3,13,9,11,7,7,23,7
10,2,11,0,10,10,0,38.2,24.2,0.0,3,10,9,7,7,7,25,7
1166,29,11,0,11,11,0,37.1,24.1,0.0,3,10,9,7,5,5,2,5
758,21,11,0,12,12,0,36.6,23.8,0.0,3,10,9,5,5,5,29,5
690,20,11,0,13,13,0,36.8,23.9,0.0,3,10,9,5,14,14,21,14
1098,27,11,0,14,14,0,37.1,24.1,0.0,2,10,9,14,8,8,20,8
78,3,11,0,15,15,0,36.7,23.9,0.0,3,13,9,8,12,12,27,12
146,4,11,0,16,16,0,33.4,24.2,0.0,2,10,9,12,13,13,3,13
214,6,11,0,17,17,0,37.2,23.7,0.0,3,10,9,13,12,12,4,12
554,15,11,0,18,18,0,36.8,23.9,0.0,2,10,9,12,14,14,6,14
1030,26,11,0,19,19,0,38.4,24.3,0.0,2,10,9,14,13,13,15,13
418,10,11,0,20,20,0,37.1,24.1,0.0,0,9,9,13,8,8,26,8
351,9,12,0,1,1,0,36.8,23.9,0.0,3,14,9,8,4,4,9,4
827,22,12,0,2,2,0,36.6,23.8,0.0,3,14,9,4,4,4,9,4
1303,31,12,0,3,3,0,36.6,23.8,0.0,3,14,9,4,6,6,22,6
623,16,12,0,4,4,0,36.4,23.5,0.0,3,14,9,6,10,10,31,10
1235,30,12,0,5,5,0,36.6,23.8,0.0,2,14,9,10,6,6,16,6
283,8,12,0,6,6,0,36.6,23.8,0.0,3,14,9,6,11,11,30,11
487,11,12,0,7,7,0,36.8,23.9,0.0,3,14,9,11,10,10,8,10
895,23,12,0,8,8,0,36.4,23.5,0.0,2,14,9,10,11,11,11,11
963,25,12,0,9,9,0,36.7,23.9,0.0,3,14,9,11,7,7,23,7
11,2,12,0,10,10,0,38.2,24.2,0.0,3,11,9,7,7,7,25,7
1167,29,12,0,11,11,0,37.1,24.1,0.0,3,11,9,7,5,5,2,5
759,21,12,0,12,12,0,36.6,23.8,0.0,3,11,9,5,5,5,29,5
691,20,12,0,13,13,0,36.8,23.9,0.0,3,11,9,5,14,14,21,14
1099,27,12,0,14,14,0,37.1,24.1,0.0,2,11,9,14,8,8,20,8
79,3,12,0,15,15,0,36.7,23.9,0.0,3,14,9,8,12,12,27,12
147,4,12,0,16,16,0,33.4,24.2,0.0,2,11,9,12,13,13,3,13
215,6,12,0,17,17,0,37.2,23.7,0.0,3,11,9,13,12,12,4,12
555,15,12,0,18,18,0,36.8,23.9,0.0,2,11,9,12,14,14,6,14
1031,26,12,0,19,19,0,38.4,24.3,0.0,2,11,9,14,13,13,15,13
419,10,12,0,20,20,0,37.1,24.1,0.0,0,10,9,13,8,8,26,8
352,9,13,0,1,1,0,36.8,23.9,0.0,3,15,9,8,4,4,9,4
828,22,13,0,2,2,0,36.6,23.8,0.0,3,15,9,4,4,4,9,4
1304,31,13,0,3,3,0,36.6,23.8,0.0,3,15,9,4,6,6,22,6
624,16,13,0,4,4,0,36.4,23.5,0.0,3,15,9,6,10,10,31,10
1236,30,13,0,5,5,0,36.6,23.8,0.0,2,15,9,10,6,6,16,6
284,8,13,0,6,6,0,36.6,23.8,0.0,3,15,9,6,11,11,30,11
488,11,13,0,7,7,0,36.8,23.9,0.0,3,15,9,11,10,10,8,10
896,23,13,0,8,8,0,36.4,23.5,0.0,2,15,9,10,11,11,11,11
964,25,13,0,9,9,0,36.7,23.9,0.0,3,15,9,11,7,7,23,7
12,2,13,0,10,10,0,38.2,24.2,0.0,3,12,9,7,7,7,25,7
1168,29,13,0,11,11,0,37.1,24.1,0.0,3,12,9,7,5,5,2,5
760,21,13,0,12,12,0,36.6,23.8,0.0,3,12,9,5,5,5,29,5
692,20,13,0,13,13,0,36.8,23.9,0.0,3,12,9,5,14,14,21,14
1100,27,13,0,14,14,0,37.1,24.1,0.0,2,12,9,14,8,8,20,8
80,3,13,0,15,15,0,36.7,23.9,0.0,3,15,9,8,12,12,27,12
148,4,13,0,16,16,0,33.4,24.2,0.0,2,12,9,12,13,13,3,13
216,6,13,0,17,17,0,37.2,23.7,0.0,3,12,9,13,12,12,4,12
556,15,13,0,18,18,0,36.8,23.9,0.0,2,12,9,12,14,14,6,14
1032,26,13,0,19,19,0,38.4,24.3,0.0,2,12,9,14,13,13,15,13
420,10,13,0,20,20,0,37.1,24.1,0.0,0,11,9,13,8,8,26,8
353,9,14,0,1,1,0,36.8,23.9,0.0,3,16,9,8,4,4,9,4
829,22,14,0,2,2,0,36.6,23.8,0.0,3,16,9,4,4,4,9,4
1305,31,14,0,3,3,0,36.6,23.8,0.0,3,16,9,4,6,6,22,6
625,16,14,0,4,4,0,36.4,23.5,0.0,3,16,9,6,10,10,31,10
1237,30,14,0,5,5,0,36.6,23.8,0.0,2,16,9,10,6,6,16,6
285,8,14,0,6,6,0,36.6,23.8,0.0,3,16,9,6,11,11,30,11
489,11,14,0,7,7,0,36.8,23.9,0.0,3,16,9,11,10,10,8,10
897,23,14,0,8,8,0,36.4,23.5,0.0,2,16,9,10,11,11,11,11
965,25,14,0,9,9,0,36.7,23.9,0.0,3,16,9,11,7,7,23,7
13,2,14,0,10,10,0,38.2,24.2,0.0,3,13,9,7,7,7,25,7
1169,29,14,0,11,11,0,37.1,24.1,0.0,3,13,9,7,5,5,2,5
761,21,14,0,12,12,0,36.6,23.8,0.0,3,13,9,5,5,5,29,5
693,20,14,0,13,13,0,36.8,23.9,0.0,3,13,9,5,14,14,21,14
1101,27,14,0,14,14,0,37.1,24.1,0.0,2,13,9,14,8,8,20,8
81,3,14,0,15,15,0,36.7,23.9,0.0,3,16,9,8,12,12,27,12
149,4,14,0,16,16,0,33.4,24.2,0.0,2,13,9,12,13,13,3,13
217,6,14,0,17,17,0,37.2,23.7,0.0,3,13,9,13,12,12,4,12
557,15,14,0,18,18,0,36.8,23.9,0.0,2,13,9,12,14,14,6,14
1033,26,14,0,19,19,0,38.4,24.3,0.0,2,13,9,14,13,13,15,13
421,10,14,0,20,20,0,37.1,24.1,0.0,0,12,9,13,8,8,26,8
354,9,15,0,1,1,0,36.8,23.9,0.0,3,17,9,8,4,4,9,4
830,22,15,0,2,2,0,36.6,23.8,0.0,3,17,9,4,4,4,9,4
1306,31,15,0,3,3,0,36.6,23.8,0.0,3,17,9,4,6,6,22,6
626,16,15,0,4,4,0,36.4,23.5,0.0,3,17,9,6,10,10,31,10
1238,30,15,0,5,5,0,36.6,23.8,0.0,2,17,9,10,6,6,16,6
286,8,15,0,6,6,0,36.6,23.8,0.0,3,17,9,6,11,11,30,11
490,11,15,0,7,7,0,36.8,23.9,0.0,3,17,9,11,10,10,8,10
898,23,15,0,8,8,0,36.4,23.5,0.0,2,17,9,10,11,11,11,11
966,25,15,0,9,9,0,36.7,23.9,0.0,3,17,9,11,7,7,23,7
14,2,15,0,10,10,0,38.2,24.2,0.0,3,14,9,7,7,7,25,7
1170,29,15,0,11,11,0,37.1,24.1,0.0,3,14,9,7,5,5,2,5
762,21,15,0,12,12,0,36.6,23.8,0.0,3,14,9,5,5,5,29,5
694,20,15,0,13,13,0,36.8,23.9,0.0,3,14,9,5,14,14,21,14
1102,27,15,0,14,14,0,37.1,24.1,0.0,2,14,9,14,8,8,20,8
82,3,15,0,15,15,0,36.7,23.9,0.0,3,17,9,8,12,12,27,12
150,4,15,0,16,16,0,33.4,24.2,0.0,2,14,9,12,13,13,3,13
218,6,15,0,17,17,0,37.2,23.7,0.0,3,14,9,13,12,12,4,12
558,15,15,0,18,18,0,36.8,23.9,0.0,2,14,9,12,14,14,6,14
1034,26,15,0,19,19,0,38.4,24.3,0.0,2,14,9,14,13,13,15,13
422,10,15,0,20,20,0,37.1,24.1,0.0,0,13,9,13,8,8,26,8
355,9,16,0,1,1,0,36.8,23.9,0.0,3,18,9,8,4,4,9,4
831,22,16,0,2,2,0,36.6,23.8,0.0,3,18,9,4,4,4,9,4
1307,31,16,0,3,3,0,36.6,23.8,0.0,3,18,9,4,6,6,22,6
627,16,16,0,4,4,0,36.4,23.5,0.0,3,18,9,6,10,10,31,10
1239,30,16,0,5,5,0,36.6,23.8,0.0,2,18,9,10,6,6,16,6
287,8,16,0,6,6,0,36.6,23.8,0.0,3,18,9,6,11,11,30,11
491,11,16,0,7,7,0,36.8,23.9,0.0,3,18,9,11,10,10,8,10
899,23,16,0,8,8,0,36.4,23.5,0.0,2,18,9,10,11,11,11,11
967,25,16,0,9,9,0,36.7,23.9,0.0,3,18,9,11,7,7,23,7
15,2,16,0,10,10,0,38.2,24.2,0.0,3,15,9,7,7,7,25,7
1171,29,16,0,11,11,0,37.1,24.1,0.0,3,15,9,7,5,5,2,5
763,21,16,0,12,12,0,36.6,23.8,0.0,3,15,9,5,5,5,29,5
695,20,16,0,13,13,0,36.8,23.9,0.0,3,15,9,5,14,14,21,14
1103,27,16,0,14,14,0,37.1,24.1,0.0,2,15,9,14,8,8,20,8
83,3,16,0,15,15,0,36.7,23.9,0.0,3,18,9,8,12,12,27,12
151,4,16,0,16,16,0,33.4,24.2,0.0,2,15,9,12,13,13,3,13
219,6,16,0,17,17,0,37.2,23.7,0.0,3,15,9,13,12,12,4,12
559,15,16,0,18,18,0,36.8,23.9,0.0,2,15,9,12,14,14,6,14
1035,26,16,0,19,19,0,38.4,24.3,0.0,2,15,9,14,13,13,15,13
423,10,16,0,20,20,0,37.1,24.1,0.0,0,14,9,13,8,8,26,8
356,9,17,0,1,1,0,36.8,23.9,0.0,3,19,9,8,4,4,9,4
832,22,17,0,2,2,0,36.6,23.8,0.0,3,19,9,4,4,4,9,4
1308,31,17,0,3,3,0,36.6,23.8,0.0,3,19,9,4,6,6,22,6
628,16,17,0,4,4,0,36.4,23.5,0.0,3,19,9,6,10,10,31,10
1240,30,17,0,5,5,0,36.6,23.8,0.0,2,19,9,10,6,6,16,6
288,8,17,0,6,6,0,36.6,23.8,0.0,3,19,9,6,11,11,30,11
492,11,17,0,7,7,0,36.8,23.9,0.0,3,19,9,11,10,10,8,10
900,23,17,0,8,8,0,36.4,23.5,0.0,2,19,9,10,11,11,11,11
968,25,17,0,9,9,0,36.7,23.9,0.0,3,19,9,11,7,7,23,7
16,2,17,0,10,10,0,38.2,24.2,0.0,3,16,9,7,7,7,25,7
1172,29,17,0,11,11,0,37.1,24.1,0.0,3,16,9,7,5,5,2,5
764,21,17,0,12,12,0,36.6,23.8,0.0,3,16,9,5,5,5,29,5
696,20,17,0,13,13,0,36.8,23.9,0.0,3,16,9,5,14,14,21,14
1104,27,17,0,14,14,0,37.1,24.1,0.0,2,16,9,14,8,8,20,8
84,3,17,0,15,15,0,36.7,23.9,0.0,3,19,9,8,12,12,27,12
152,4,17,0,16,16,0,33.4,24.2,0.0,2,16,9,12,13,13,3,13
220,6,17,0,17,17,0,37.2,23.7,0.0,3,16,9,13,12,12,4,12
560,15,17,0,18,18,0,36.8,23.9,0.0,2,16,9,12,14,14,6,14
1036,26,17,0,19,19,0,38.4,24.3,0.0,2,16,9,14,13,13,15,13
424,10,17,0,20,20,0,37.1,24.1,0.0,0,15,9,13,8,8,26,8
357,9,18,0,1,1,0,36.8,23.9,0.0,3,20,9,8,4,4,9,4
833,22,18,0,2,2,0,36.6,23.8,0.0,3,20,9,4,4,4,9,4
1309,31,18,0,3,3,0,36.6,23.8,0.0,3,20,9,4,6,6,22,6
629,16,18,0,4,4,0,36.4,23.5,0.0,3,20,9,6,10,10,31,10
1241,30,18,0,5,5,0,36.6,23.8,0.0,2,20,9,10,6,6,16,6
289,8,18,0,6,6,0,36.6,23.8,0.0,3,20,9,6,11,11,30,11
493,11,18,0,7,7,0,36.8,23.9,0.0,3,20,9,11,10,10,8,10
901,23,18,0,8,8,0,36.4,23.5,0.0,2,20,9,10,11,11,11,11
969,25,18,0,9,9,0,36.7,23.9,0.0,3,20,9,11,7,7,23,7
17,2,18,0,10,10,0,38.2,24.2,0.0,3,17,9,7,7,7,25,7
1173,29,18,0,11,11,0,37.1,24.1,0.0,3,17,9,7,5,5,2,5
765,21,18,0,12,12,0,36.6,23.8,0.0,3,17,9,5,5,5,29,5
697,20,18,0,13,13,0,36.8,23.9,0.0,3,17,9,5,14,14,21,14
1105,27,18,0,14,14,0,37.1,24.1,0.0,2,17,9,14,8,8,20,8
85,3,18,0,15,15,0,36.7,23.9,0.0,3,20,9,8,12,12,27,12
153,4,18,0,16,16,0,33.4,24.2,0.0,2,17,9,12,13,13,3,13
221,6,18,0,17,17,0,37.2,23.7,0.0,3,17,9,13,12,12,4,12
561,15,18,0,18,18,0,36.8,23.9,0.0,2,17,9,12,14,14,6,14
1037,26,18,0,19,19,0,38.4,24.3,0.0,2,17,9,14,13,13,15,13
425,10,18,0,20,20,0,37.1,24.1,0.0,0,16,9,13,8,8,26,8
358,9,19,0,1,1,0,36.8,23.9,0.0,3,21,9,8,4,4,9,4
834,22,19,0,2,2,0,36.6,23.8,0.0,3,21,9,4,4,4,9,4
1310,31,19,0,3,3,0,36.6,23.8,0.0,3,21,9,4,6,6,22,6
630,16,19,0,4,4,0,36.4,23.5,0.0,3,21,9,6,10,10,31,10
1242,30,19,0,5,5,0,36.6,23.8,0.0,2,21,9,10,6,6,16,6
290,8,19,0,6,6,0,36.6,23.8,0.0,3,21,9,6,11,11,30,11
494,11,19,0,7,7,0,36.8,23.9,0.0,3,21,9,11,10,10,8,10
902,23,19,0,8,8,0,36.4,23.5,0.0,2,21,9,10,11,11,11,11
970,25,19,0,9,9,0,36.7,23.9,0.0,3,21,9,11,7,7,23,7
18,2,19,0,10,10,0,38.2,24.2,0.0,3,18,9,7,7,7,25,7
1174,29,19,0,11,11,0,37.1,24.1,0.0,3,18,9,7,5,5,2,5
766,21,19,0,12,12,0,36.6,23.8,0.0,3,18,9,5,5,5,29,5
698,20,19,0,13,13,0,36.8,23.9,0.0,3,18,9,5,14,14,21,14
1106,27,19,0,14,14,0,37.1,24.1,0.0,2,18,9,14,8,8,20,8
86,3,19,0,15,15,0,36.7,23.9,0.0,3,21,9,8,12,12,27,12
154,4,19,0,16,16,0,33.4,24.2,0.0,2,18,9,12,13,13,3,13
222,6,19,0,17,17,0,37.2,23.7,0.0,3,18,9,13,12,12,4,12
562,15,19,0,18,18,0,36.8,23.9,0.0,2,18,9,12,14,14,6,14
1038,26,19,0,19,19,0,38.4,24.3,0.0,2,18,9,14,13,13,15,13
426,10,19,0,20,20,0,37.1,24.1,0.0,0,17,9,13,8,8,26,8
359,9,20,0,1,1,0,36.8,23.9,0.0,3,22,9,8,4,4,9,4
835,22,20,0,2,2,0,36.6,23.8,0.0,3,22,9,4,4,4,9,4
1311,31,20,0,3,3,0,36.6,23.8,0.0,3,22,9,4,6,6,22,6
631,16,20,0,4,4,0,36.4,23.5,0.0,3,22,9,6,10,10,31,10
1243,30,20,0,5,5,0,36.6,23.8,0.0,2,22,9,10,6,6,16,6
291,8,20,0,6,6,0,36.6,23.8,0.0,3,22,9,6,11,11,30,11
495,11,20,0,7,7,0,36.8,23.9,0.0,3,22,9,11,10,10,8,10
903,23,20,0,8,8,0,36.4,23.5,0.0,2,22,9,10,11,11,11,11
971,25,20,0,9,9,0,36.7,23.9,0.0,3,22,9,11,7,7,23,7
19,2,20,0,10,10,0,38.2,24.2,0.0,3,19,9,7,7,7,25,7
1175,29,20,0,11,11,0,37.1,24.1,0.0,3,19,9,7,5,5,2,5
767,21,20,0,12,12,0,36.6,23.8,0.0,3,19,9,5,5,5,29,5
699,20,20,0,13,13,0,36.8,23.9,0.0,3,19,9,5,14,14,21,14
1107,27,20,0,14,14,0,37.1,24.1,0.0,2,19,9,14,8,8,20,8
87,3,20,0,15,15,0,36.7,23.9,0.0,3,22,9,8,12,12,27,12
155,4,20,0,16,16,0,33.4,24.2,0.0,2,19,9,12,13,13,3,13
223,6,20,0,17,17,0,37.2,23.7,0.0,3,19,9,13,12,12,4,12
563,15,20,0,18,18,0,36.8,23.9,0.0,2,19,9,12,14,14,6,14
1039,26,20,0,19,19,0,38.4,24.3,0.0,2,19,9,14,13,13,15,13
427,10,20,0,20,20,0,37.1,24.1,0.0,0,18,9,13,8,8,26,8
360,9,21,0,1,1,0,36.8,23.9,0.0,3,23,9,8,4,4,9,4
836,22,21,0,2,2,0,36.6,23.8,0.0,3,23,9,4,4,4,9,4
1312,31,21,0,3,3,0,36.6,23.8,0.0,3,23,9,4,6,6,22,6
632,16,21,0,4,4,0,36.4,23.5,0.0,3,23,9,6,10,10,31,10
1244,30,21,0,5,5,0,36.6,23.8,0.0,2,23,9,10,6,6,16,6
292,8,21,0,6,6,0,36.6,23.8,0.0,3,23,9,6,11,11,30,11
496,11,21,0,7,7,0,36.8,23.9,0.0,3,23,9,11,10,10,8,10
904,23,21,0,8,8,0,36.4,23.5,0.0,2,23,9,10,11,11,11,11
972,25,21,0,9,9,0,36.7,23.9,0.0,3,23,9,11,7,7,23,7
20,2,21,0,10,10,0,38.2,24.2,0.0,3,20,9,7,7,7,25,7
1176,29,21,0,11,11,0,37.1,24.1,0.0,3,20,9,7,5,5,2,5
768,21,21,0,12,12,0,36.6,23.8,0.0,3,20,9,5,5,5,29,5
700,20,21,0,13,13,0,36.8,23.9,0.0,3,20,9,5,14,14,21,14
1108,27,21,0,14,14,0,37.1,24.1,0.0,2,20,9,14,8,8,20,8
88,3,21,0,15,15,0,36.7,23.9,0.0,3,23,9,8,12,12,27,12
156,4,21,0,16,16,0,33.4,24.2,0.0,2,20,9,12,13,13,3,13
224,6,21,0,17,17,0,37.2,23.7,0.0,3,20,9,13,12,12,4,12
564,15,21,0,18,18,0,36.8,23.9,0.0,2,20,9,12,14,14,6,14
1040,26,21,0,19,19,0,38.4,24.3,0.0,2,20,9,14,13,13,15,13
428,10,21,0,20,20,0,37.1,24.1,0.0,0,19,9,13,8,8,26,8
361,9,22,0,1,1,0,36.8,23.9,0.0,3,24,9,8,4,4,9,4
837,22,22,0,2,2,0,36.6,23.8,0.0,3,24,9,4,4,4,9,4
1313,31,22,0,3,3,0,36.6,23.8,0.0,3,24,9,4,6,6,22,6
633,16,22,0,4,4,0,36.4,23.5,0.0,3,24,9,6,10,10,31,10
1245,30,22,0,5,5,0,36.6,23.8,0.0,2,24,9,10,6,6,16,6
293,8,22,0,6,6,0,36.6,23.8,0.0,3,24,9,6,11,11,30,11
497,11,22,0,7,7,0,36.8,23.9,0.0,3,24,9,11,10,10,8,10
905,23,22,0,8,8,0,36.4,23.5,0.0,2,24,9,10,11,11,11,11
973,25,22,0,9,9,0,36.7,23.9,0.0,3,24,9,11,7,7,23,7
21,2,22,0,10,10,0,38.2,24.2,0.0,3,21,9,7,7,7,25,7
1177,29,22,0,11,11,0,37.1,24.1,0.0,3,21,9,7,5,5,2,5
769,21,22,0,12,12,0,36.6,23.8,0.0,3,21,9,5,5,5,29,5
701,20,22,0,13,13,0,36.8,23.9,0.0,3,21,9,5,14,14,21,14
1109,27,22,0,14,14,0,37.1,24.1,0.0,2,21,9,14,8,8,20,8
89,3,22,0,15,15,0,36.7,23.9,0.0,3,24,9,8,12,12,27,12
157,4,22,0,16,16,0,33.4,24.2,0.0,2,21,9,12,13,13,3,13
225,6,22,0,17,17,0,37.2,23.7,0.0,3,21,9,13,12,12,4,12
565,15,22,0,18,18,0,36.8,23.9,0.0,2,21,9,12,14,14,6,14
1041,26,22,0,19,19,0,38.4,24.3,0.0,2,21,9,14,13,13,15,13
429,10,22,0,20,20,0,37.1,24.1,0.0,0,20,9,13,8,8,26,8
362,9,23,0,1,1,0,36.8,23.9,0.0,3,25,9,8,4,4,9,4
838,22,23,0,2,2,0,36.6,23.8,0.0,3,25,9,4,4,4,9,4
1314,31,23,0,3,3,0,36.6,23.8,0.0,3,25,9,4,6,6,22,6
634,16,23,0,4,4,0,36.4,23.5,0.0,3,25,9,6,10,10,31,10
1246,30,23,0,5,5,0,36.6,23.8,0.0,2,25,9,10,6,6,16,6
294,8,23,0,6,6,0,36.6,23.8,0.0,3,25,9,6,11,11,30,11
498,11,23,0,7,7,0,36.8,23.9,0.0,3,25,9,11,10,10,8,10
906,23,23,0,8,8,0,36.4,23.5,0.0,2,25,9,10,11,11,11,11
974,25,23,0,9,9,0,36.7,23.9,0.0,3,25,9,11,7,7,23,7
22,2,23,0,10,10,0,38.2,24.2,0.0,3,22,9,7,7,7,25,7
1178,29,23,0,11,11,0,37.1,24.1,0.0,3,22,9,7,5,5,2,5
770,21,23,0,12,12,0,36.6,23.8,0.0,3,22,9,5,5,5,29,5
702,20,23,0,13,13,0,36.8,23.9,0.0,3,22,9,5,14,14,21,14
1110,27,23,0,14,14,0,37.1,24.1,0.0,2,22,9,14,8,8,20,8
90,3,23,0,15,15,0,36.7,23.9,0.0,3,25,9,8,12,12,27,12
158,4,23,0,16,16,0,33.4,24.2,0.0,2,22,9,12,13,13,3,13
226,6,23,0,17,17,0,37.2,23.7,0.0,3,22,9,13,12,12,4,12
566,15,23,0,18,18,0,36.8,23.9,0.0,2,22,9,12,14,14,6,14
1042,26,23,0,19,19,0,38.4,24.3,0.0,2,22,9,14,13,13,15,13
430,10,23,0,20,20,0,37.1,24.1,0.0,0,21,9,13,8,8,26,8
363,9,24,0,1,1,0,36.8,23.9,0.0,3,26,9,8,4,4,9,4
839,22,24,0,2,2,0,36.6,23.8,0.0,3,26,9,4,4,4,9,4
1315,31,24,0,3,3,0,36.6,23.8,0.0,3,26,9,4,6,6,22,6
635,16,24,0,4,4,0,36.4,23.5,0.0,3,26,9,6,10,10,31,10
1247,30,24,0,5,5,0,36.6,23.8,0.0,2,26,9,10,6,6,16,6
295,8,24,0,6,6,0,36.6,23.8,0.0,3,26,9,6,11,11,30,11
499,11,24,0,7,7,0,36.8,23.9,0.0,3,26,9,11,10,10,8,10
907,23,24,0,8,8,0,36.4,23.5,0.0,2,26,9,10,11,11,11,11
975,25,24,0,9,9,0,36.7,23.9,0.0,3,26,9,11,7,7,23,7
23,2,24,0,10,10,0,38.2,24.2,0.0,3,23,9,7,7,7,25,7
1179,29,24,0,11,11,0,37.1,24.1,0.0,3,23,9,7,5,5,2,5
771,21,24,0,12,12,0,36.6,23.8,0.0,3,23,9,5,5,5,29,5
703,20,24,0,13,13,0,36.8,23.9,0.0,3,23,9,5,14,14,21,14
1111,27,24,0,14,14,0,37.1,24.1,0.0,2,23,9,14,8,8,20,8
91,3,24,0,15,15,0,36.7,23.9,0.0,3,26,9,8,12,12,27,12
159,4,24,0,16,16,0,33.4,24.2,0.0,2,23,9,12,13,13,3,13
227,6,24,0,17,17,0,37.2,23.7,0.0,3,23,9,13,12,12,4,12
567,15,24,0,18,18,0,36.8,23.9,0.0,2,23,9,12,14,14,6,14
1043,26,24,0,19,19,0,38.4,24.3,0.0,2,23,9,14,13,13,15,13
431,10,24,0,20,20,0,37.1,24.1,0.0,0,22,9,13,8,8,26,8
364,9,25,0,1,1,0,36.8,23.9,0.0,3,27,9,8,4,4,9,4
840,22,25,0,2,2,0,36.6,23.8,0.0,3,27,9,4,4,4,9,4
1316,31,25,0,3,3,0,36.6,23.8,0.0,3,27,9,4,6,6,22,6
636,16,25,0,4,4,0,36.4,23.5,0.0,3,27,9,6,10,10,31,10
1248,30,25,0,5,5,0,36.6,23.8,0.0,2,27,9,10,6,6,16,6
296,8,25,0,6,6,0,36.6,23.8,0.0,3,27,9,6,11,11,30,11
500,11,25,0,7,7,0,36.8,23.9,0.0,3,27,9,11,10,10,8,10
908,23,25,0,8,8,0,36.4,23.5,0.0,2,27,9,10,11,11,11,11
976,25,25,0,9,9,0,36.7,23.9,0.0,3,27,9,11,7,7,23,7
24,2,25,0,10,10,0,38.2,24.2,0.0,3,24,9,7,7,7,25,7
1180,29,25,0,11,11,0,37.1,24.1,0.0,3,24,9,7,5,5,2,5
772,21,25,0,12,12,0,36.6,23.8,0.0,3,24,9,5,5,5,29,5
704,20,25,0,13,13,0,36.8,23.9,0.0,3,24,9,5,14,14,21,14
1112,27,25,0,14,14,0,37.1,24.1,0.0,2,24,9,14,8,8,20,8
92,3,25,0,15,15,0,36.7,23.9,0.0,3,27,9,8,12,12,27,12
160,4,25,0,16,16,0,33.4,24.2,0.0,2,24,9,12,13,13,3,13
228,6,25,0,17,17,0,37.2,23.7,0.0,3,24,9,13,12,12,4,12
568,15,25,0,18,18,0,36.8,23.9,0.0,2,24,9,12,14,14,6,14
1044,26,25,0,19,19,0,38.4,24.3,0.0,2,24,9,14,13,13,15,13
432,10,25,0,20,20,0,37.1,24.1,0.0,0,23,9,13,8,8,26,8
365,9,26,0,1,1,0,36.8,23.9,0.0,3,28,9,8,4,4,9,4
841,22,26,0,2,2,0,36.6,23.8,0.0,3,28,9,4,4,4,9,4
1317,31,26,0,3,3,0,36.6,23.8,0.0,3,28,9,4,6,6,22,6
637,16,26,0,4,4,0,36.4,23.5,0.0,3,28,9,6,10,10,31,10
1249,30,26,0,5,5,0,36.6,23.8,0.0,2,28,9,10,6,6,16,6
297,8,26,0,6,6,0,36.6,23.8,0.0,3,28,9,6,11,11,30,11
501,11,26,0,7,7,0,36.8,23.9,0.0,3,28,9,11,10,10,8,10
909,23,26,0,8,8,0,36.4,23.5,0.0,2,28,9,10,11,11,11,11
977,25,26,0,9,9,0,36.7,23.9,0.0,3,28,9,11,7,7,23,7
25,2,26,0,10,10,0,38.2,24.2,0.0,3,25,9,7,7,7,25,7
1181,29,26,0,11,11,0,37.1,24.1,0.0,3,25,9,7,5,5,2,5
773,21,26,0,12,12,0,36.6,23.8,0.0,3,25,9,5,5,5,29,5
705,20,26,0,13,13,0,36.8,23.9,0.0,3,25,9,5,14,14,21,14
1113,27,26,0,14,14,0,37.1,24.1,0.0,2,25,9,14,8,8,20,8
93,3,26,0,15,15,0,36.7,23.9,0.0,3,28,9,8,12,12,27,12
161,4,26,0,16,16,0,33.4,24.2,0.0,2,25,9,12,13,13,3,13
229,6,26,0,17,17,0,37.2,23.7,0.0,3,25,9,13,12,12,4,12
569,15,26,0,18,18,0,36.8,23.9,0.0,2,25,9,12,14,14,6,14
1045,26,26,0,19,19,0,38.4,24.3,0.0,2,25,9,14,13,13,15,13
433,10,26,0,20,20,0,37.1,24.1,0.0,0,24,9,13,8,8,26,8
366,9,27,0,1,1,0,36.8,23.9,0.0,3,29,9,8,4,4,9,4
842,22,27,0,2,2,0,36.6,23.8,0.0,3,29,9,4,4,4,9,4
1318,31,27,0,3,3,0,36.6,23.8,0.0,3,29,9,4,6,6,22,6
638,16,27,0,4,4,0,36.4,23.5,0.0,3,29,9,6,10,10,31,10
1250,30,27,0,5,5,0,36.6,23.8,0.0,2,29,9,10,6,6,16,6
298,8,27,0,6,6,0,36.6,23.8,0.0,3,29,9,6,11,11,30,11
502,11,27,0,7,7,0,36.8,23.9,0.0,3,29,9,11,10,10,8,10
910,23,27,0,8,8,0,36.4,23.5,0.0,2,29,9,10,11,11,11,11
978,25,27,0,9,9,0,36.7,23.9,0.0,3,29,9,11,7,7,23,7
26,2,27,0,10,10,0,38.2,24.2,0.0,3,26,9,7,7,7,25,7
1182,29,27,0,11,11,0,37.1,24.1,0.0,3,26,9,7,5,5,2,5
774,21,27,0,12,12,0,36.6,23.8,0.0,3,26,9,5,5,5,29,5
706,20,27,0,13,13,0,36.8,23.9,0.0,3,26,9,5,14,14,21,14
1114,27,27,0,14,14,0,37.1,24.1,0.0,2,26,9,14,8,8,20,8
94,3,27,0,15,15,0,36.7,23.9,0.0,3,29,9,8,12,12,27,12
162,4,27,0,16,16,0,33.4,24.2,0.0,2,26,9,12,13,13,3,13
230,6,27,0,17,17,0,37.2,23.7,0.0,3,26,9,13,12,12,4,12
570,15,27,0,18,18,0,36.8,23.9,0.0,2,26,9,12,14,14,6,14
1046,26,27,0,19,19,0,38.4,24.3,0.0,2,26,9,14,13,13,15,13
434,10,27,0,20,20,0,37.1,24.1,0.0,0,25,9,13,8,8,26,8
367,9,28,0,1,1,0,36.8,23.9,0.0,3,30,9,8,4,4,9,4
843,22,28,0,2,2,0,36.6,23.8,0.0,3,30,9,4,4,4,9,4
1319,31,28,0,3,3,0,36.6,23.8,0.0,3,30,9,4,6,6,22,6
639,16,28,0,4,4,0,36.4,23.5,0.0,3,30,9,6,10,10,31,10
1251,30,28,0,5,5,0,36.6,23.8,0.0,2,30,9,10,6,6,16,6
299,8,28,0,6,6,0,36.6,23.8,0.0,3,30,9,6,11,11,30,11
503,11,28,0,7,7,0,36.8,23.9,0.0,3,30,9,11,10,10,8,10
911,23,28,0,8,8,0,36.4,23.5,0.0,2,30,9,10,11,11,11,11
979,25,28,0,9,9,0,36.7,23.9,0.0,3,30,9,11,7,7,23,7
27,2,28,0,10,10,0,38.2,24.2,0.0,3,27,9,7,7,7,25,7
1183,29,28,0,11,11,0,37.1,24.1,0.0,3,27,9,7,5,5,2,5
775,21,28,0,12,12,0,36.6,23.8,0.0,3,27,9,5,5,5,29,5
707,20,28,0,13,13,0,36.8,23.9,0.0,3,27,9,5,14,14,21,14
1115,27,28,0,14,14,0,37.1,24.1,0.0,2,27,9,14,8,8,20,8
95,3,28,0,15,15,0,36.7,23.9,0.0,3,30,9,8,12,12,27,12
163,4,28,0,16,16,0,33.4,24.2,0.0,2,27,9,12,13,13,3,13
231,6,28,0,17,17,0,37.2,23.7,0.0,3,27,9,13,12,12,4,12
571,15,28,0,18,18,0,36.8,23.9,0.0,2,27,9,12,14,14,6,14
1047,26,28,0,19,19,0,38.4,24.3,0.0,2,27,9,14,13,13,15,13
435,10,28,0,20,20,0,37.1,24.1,0.0,0,26,9,13,8,8,26,8
368,9,29,0,1,1,0,36.8,23.9,0.0,3,31,9,8,4,4,9,4
844,22,29,0,2,2,0,36.6,23.8,0.0,3,31,9,4,4,4,9,4
1320,31,29,0,3,3,0,36.6,23.8,0.0,3,31,9,4,6,6,22,6
640,16,29,0,4,4,0,36.4,23.5,0.0,3,31,9,6,10,10,31,10
1252,30,29,0,5,5,0,36.6,23.8,0.0,2,31,9,10,6,6,16,6
300,8,29,0,6,6,0,36.6,23.8,0.0,3,31,9,6,11,11,30,11
504,11,29,0,7,7,0,36.8,23.9,0.0,3,31,9,11,10,10,8,10
912,23,29,0,8,8,0,36.4,23.5,0.0,2,31,9,10,11,11,11,11
980,25,29,0,9,9,0,36.7,23.9,0.0,3,31,9,11,7,7,23,7
28,2,29,0,10,10,0,38.2,24.2,0.0,3,28,9,7,7,7,25,7
1184,29,29,0,11,11,0,37.1,24.1,0.0,3,28,9,7,5,5,2,5
776,21,29,0,12,12,0,36.6,23.8,0.0,3,28,9,5,5,5,29,5
708,20,29,0,13,13,0,36.8,23.9,0.0,3,28,9,5,14,14,21,14
1116,27,29,0,14,14,0,37.1,24.1,0.0,2,28,9,14,8,8,20,8
96,3,29,0,15,15,0,36.7,23.9,0.0,3,31,9,8,12,12,27,12
164,4,29,0,16,16,0,33.4,24.2,0.0,2,28,9,12,13,13,3,13
232,6,29,0,17,17,0,37.2,23.7,0.0,3,28,9,13,12,12,4,12
572,15,29,0,18,18,0,36.8,23.9,0.0,2,28,9,12,14,14,6,14
1048,26,29,0,19,19,0,38.4,24.3,0.0,2,28,9,14,13,13,15,13
436,10,29,0,20,20,0,37.1,24.1,0.0,0,27,9,13,8,8,26,8
369,9,30,0,1,1,0,36.8,23.9,0.0,3,32,9,8,4,4,9,4
845,22,30,0,2,2,0,36.6,23.8,0.0,3,32,9,4,4,4,9,4
1321,31,30,0,3,3,0,36.6,23.8,0.0,3,32,9,4,6,6,22,6
641,16,30,0,4,4,0,36.4,23.5,0.0,3,32,9,6,10,10,31,10
1253,30,30,0,5,5,0,36.6,23.8,0.0,2,32,9,10,6,6,16,6
301,8,30,0,6,6,0,36.6,23.8,0.0,3,32,9,6,11,11,30,11
505,11,30,0,7,7,0,36.8,23.9,0.0,3,32,9,11,10,10,8,10
913,23,30,0,8,8,0,36.4,23.5,0.0,2,32,9,10,11,11,11,11
981,25,30,0,9,9,0,36.7,23.9,0.0,3,32,9,11,7,7,23,7
29,2,30,0,10,10,0,38.2,24.2,0.0,3,29,9,7,7,7,25,7
1185,29,30,0,11,11,0,37.1,24.1,0.0,3,29,9,7,5,5,2,5
777,21,30,0,12,12,0,36.6,23.8,0.0,3,29,9,5,5,5,29,5
709,20,30,0,13,13,0,36.8,23.9,0.0,3,29,9,5,14,14,21,14
1117,27,30,0,14,14,0,37.1,24.1,0.0,2,29,9,14,8,8,20,8
97,3,30,0,15,15,0,36.7,23.9,0.0,3,32,9,8,12,12,27,12
165,4,30,0,16,16,0,33.4,24.2,0.0,2,29,9,12,13,13,3,13
233,6,30,0,17,17,0,37.2,23.7,0.0,3,29,9,13,12,12,4,12
573,15,30,0,18,18,0,36.8,23.9,0.0,2,29,9,12,14,14,6,14
1049,26,30,0,19,19,0,38.4,24.3,0.0,2,29,9,14,13,13,15,13
437,10,30,0,20,20,0,37.1,24.1,0.0,0,28,9,13,8,8,26,8
370,9,31,0,1,1,0,36.8,23.9,0.0,3,33,9,8,4,4,9,4
846,22,31,0,2,2,0,36.6,23.8,0.0,3,33,9,4,4,4,9,4
1322,31,31,0,3,3,0,36.6,23.8,0.0,3,33,9,4,6,6,22,6
642,16,31,0,4,4,0,36.4,23.5,0.0,3,33,9,6,10,10,31,10
1254,30,31,0,5,5,0,36.6,23.8,0.0,2,33,9,10,6,6,16,6
302,8,31,0,6,6,0,36.6,23.8,0.0,3,33,9,6,11,11,30,11
506,11,31,0,7,7,0,36.8,23.9,0.0,3,33,9,11,10,10,8,10
914,23,31,0,8,8,0,36.4,23.5,0.0,2,33,9,10,11,11,11,11
982,25,31,0,9,9,0,36.7,23.9,0.0,3,33,9,11,7,7,23,7
30,2,31,0,10,10,0,38.2,24.2,0.0,3,30,9,7,7,7,25,7
1186,29,31,0,11,11,0,37.1,24.1,0.0,3,30,9,7,5,5,2,5
778,21,31,0,12,12,0,36.6,23.8,0.0,3,30,9,5,5,5,29,5
710,20,31,0,13,13,0,36.8,23.9,0.0,3,30,9,5,14,14,21,14
1118,27,31,0,14,14,0,37.1,24.1,0.0,2,30,9,14,8,8,20,8
98,3,31,0,15,15,0,36.7,23.9,0.0,3,33,9,8,12,12,27,12
166,4,31,0,16,16,0,33.4,24.2,0.0,2,30,9,12,13,13,3,13
234,6,31,0,17,17,0,37.2,23.7,0.0,3,30,9,13,12,12,4,12
574,15,31,0,18,18,0,36.8,23.9,0.0,2,30,9,12,14,14,6,14
1050,26,31,0,19,19,0,38.4,24.3,0.0,2,30,9,14,13,13,15,13
438,10,31,0,20,20,0,37.1,24.1,0.0,0,29,9,13,8,8,26,8
371,9,32,0,1,1,0,36.8,23.9,0.0,3,34,9,8,4,4,9,4
847,22,32,0,2,2,0,36.6,23.8,0.0,3,34,9,4,4,4,9,4
1323,31,32,0,3,3,0,36.6,23.8,0.0,3,34,9,4,6,6,22,6
643,16,32,0,4,4,0,36.4,23.5,0.0,3,34,9,6,10,10,31,10
1255,30,32,0,5,5,0,36.6,23.8,0.0,2,34,9,10,6,6,16,6
303,8,32,0,6,6,0,36.6,23.8,0.0,3,34,9,6,11,11,30,11
507,11,32,0,7,7,0,36.8,23.9,0.0,3,34,9,11,10,10,8,10
915,23,32,0,8,8,0,36.4,23.5,0.0,2,34,9,10,11,11,11,11
983,25,32,0,9,9,0,36.7,23.9,0.0,3,34,9,11,7,7,23,7
31,2,32,0,10,10,0,38.2,24.2,0.0,3,31,9,7,7,7,25,7
1187,29,32,0,11,11,0,37.1,24.1,0.0,3,31,9,7,5,5,2,5
779,21,32,0,12,12,0,36.6,23.8,0.0,3,31,9,5,5,5,29,5
711,20,32,0,13,13,0,36.8,23.9,0.0,3,31,9,5,14,14,21,14
1119,27,32,0,14,14,0,37.1,24.1,0.0,2,31,9,14,8,8,20,8
99,3,32,0,15,15,0,36.7,23.9,0.0,3,34,9,8,12,12,27,12
167,4,32,0,16,16,0,33.4,24.2,0.0,2,31,9,12,13,13,3,13
235,6,32,0,17,17,0,37.2,23.7,0.0,3,31,9,13,12,12,4,12
575,15,32,0,18,18,0,36.8,23.9,0.0,2,31,9,12,14,14,6,14
1051,26,32,0,19,19,0,38.4,24.3,0.0,2,31,9,14,13,13,15,13
439,10,32,0,20,20,0,37.1,24.1,0.0,0,30,9,13,8,8,26,8
372,9,33,0,1,1,0,36.8,23.9,0.0,3,35,9,8,4,4,9,4
848,22,33,0,2,2,0,36.6,23.8,0.0,3,35,9,4,4,4,9,4
1324,31,33,0,3,3,0,36.6,23.8,0.0,3,35,9,4,6,6,22,6
644,16,33,0,4,4,0,36.4,23.5,0.0,3,35,9,6,10,10,31,10
1256,30,33,0,5,5,0,36.6,23.8,0.0,2,35,9,10,6,6,16,6
304,8,33,0,6,6,0,36.6,23.8,0.0,3,35,9,6,11,11,30,11
508,11,33,0,7,7,0,36.8,23.9,0.0,3,35,9,11,10,10,8,10
916,23,33,0,8,8,0,36.4,23.5,0.0,2,35,9,10,11,11,11,11
984,25,33,0,9,9,0,36.7,23.9,0.0,3,35,9,11,7,7,23,7
32,2,33,0,10,10,0,38.2,24.2,0.0,3,32,9,7,7,7,25,7
1188,29,33,0,11,11,0,37.1,24.1,0.0,3,32,9,7,5,5,2,5
780,21,33,0,12,12,0,36.6,23.8,0.0,3,32,9,5,5,5,29,5
712,20,33,0,13,13,0,36.8,23.9,0.0,3,32,9,5,14,14,21,14
1120,27,33,0,14,14,0,37.1,24.1,0.0,2,32,9,14,8,8,20,8
100,3,33,0,15,15,0,36.7,23.9,0.0,3,35,9,8,12,12,27,12
168,4,33,0,16,16,0,33.4,24.2,0.0,2,32,9,12,13,13,3,13
236,6,33,0,17,17,0,37.2,23.7,0.0,3,32,9,13,12,12,4,12
576,15,33,0,18,18,0,36.8,23.9,0.0,2,32,9,12,14,14,6,14
1052,26,33,0,19,19,0,38.4,24.3,0.0,2,32,9,14,13,13,15,13
440,10,33,0,20,20,0,37.1,24.1,0.0,0,31,9,13,8,8,26,8
373,9,34,0,1,1,0,36.8,23.9,0.0,3,36,9,8,4,4,9,4
849,22,34,0,2,2,0,36.6,23.8,0.0,3,36,9,4,4,4,9,4
1325,31,34,0,3,3,0,36.6,23.8,0.0,3,36,9,4,6,6,22,6
645,16,34,0,4,4,0,36.4,23.5,0.0,3,36,9,6,10,10,31,10
1257,30,34,0,5,5,0,36.6,23.8,0.0,2,36,9,10,6,6,16,6
305,8,34,0,6,6,0,36.6,23.8,0.0,3,36,9,6,11,11,30,11
509,11,34,0,7,7,0,36.8,23.9,0.0,3,36,9,11,10,10,8,10
917,23,34,0,8,8,0,36.4,23.5,0.0,2,36,9,10,11,11,11,11
985,25,34,0,9,9,0,36.7,23.9,0.0,3,36,9,11,7,7,23,7
33,2,34,0,10,10,0,38.2,24.2,0.0,3,33,9,7,7,7,25,7
1189,29,34,0,11,11,0,37.1,24.1,0.0,3,33,9,7,5,5,2,5
781,21,34,0,12,12,0,36.6,23.8,0.0,3,33,9,5,5,5,29,5
713,20,34,0,13,13,0,36.8,23.9,0.0,3,33,9,5,14,14,21,14
1121,27,34,0,14,14,0,37.1,24.1,0.0,2,33,9,14,8,8,20,8
101,3,34,0,15,15,0,36.7,23.9,0.0,3,36,9,8,12,12,27,12
169,4,34,0,16,16,0,33.4,24.2,0.0,2,33,9,12,13,13,3,13
237,6,34,0,17,17,0,37.2,23.7,0.0,3,33,9,13,12,12,4,12
577,15,34,0,18,18,0,36.8,23.9,0.0,2,33,9,12,14,14,6,14
1053,26,34,0,19,19,0,38.4,24.3,0.0,2,33,9,14,13,13,15,13
441,10,34,0,20,20,0,37.1,24.1,0.0,0,32,9,13,8,8,26,8
374,9,35,0,1,1,0,36.8,23.9,0.0,3,37,9,8,4,4,9,4
850,22,35,0,2,2,0,36.6,23.8,0.0,3,37,9,4,4,4,9,4
1326,31,35,0,3,3,0,36.6,23.8,0.0,3,37,9,4,6,6,22,6
646,16,35,0,4,4,0,36.4,23.5,0.0,3,37,9,6,10,10,31,10
1258,30,35,0,5,5,0,36.6,23.8,0.0,2,37,9,10,6,6,16,6
306,8,35,0,6,6,0,36.6,23.8,0.0,3,37,9,6,11,11,30,11
510,11,35,0,7,7,0,36.8,23.9,0.0,3,37,9,11,10,10,8,10
918,23,35,0,8,8,0,36.4,23.5,0.0,2,37,9,10,11,11,11,11
986,25,35,0,9,9,0,36.7,23.9,0.0,3,37,9,11,7,7,23,7
34,2,35,0,10,10,0,38.2,24.2,0.0,3,34,9,7,7,7,25,7
1190,29,35,0,11,11,0,37.1,24.1,0.0,3,34,9,7,5,5,2,5
782,21,35,0,12,12,0,36.6,23.8,0.0,3,34,9,5,5,5,29,5
714,20,35,0,13,13,0,36.8,23.9,0.0,3,34,9,5,14,14,21,14
1122,27,35,0,14,14,0,37.1,24.1,0.0,2,34,9,14,8,8,20,8
102,3,35,0,15,15,0,36.7,23.9,0.0,3,37,9,8,12,12,27,12
170,4,35,0,16,16,0,33.4,24.2,0.0,2,34,9,12,13,13,3,13
238,6,35,0,17,17,0,37.2,23.7,0.0,3,34,9,13,12,12,4,12
578,15,35,0,18,18,0,36.8,23.9,0.0,2,34,9,12,14,14,6,14
1054,26,35,0,19,19,0,38.4,24.3,0.0,2,34,9,14,13,13,15,13
442,10,35,0,20,20,0,37.1,24.1,0.0,0,33,9,13,8,8,26,8
375,9,36,0,1,1,0,36.8,23.9,0.0,3,38,9,8,4,4,9,4
851,22,36,0,2,2,0,36.6,23.8,0.0,3,38,9,4,4,4,9,4
1327,31,36,0,3,3,0,36.6,23.8,0.0,3,38,9,4,6,6,22,6
647,16,36,0,4,4,0,36.4,23.5,0.0,3,38,9,6,10,10,31,10
1259,30,36,0,5,5,0,36.6,23.8,0.0,2,38,9,10,6,6,16,6
307,8,36,0,6,6,0,36.6,23.8,0.0,3,38,9,6,11,11,30,11
511,11,36,0,7,7,0,36.8,23.9,0.0,3,38,9,11,10,10,8,10
919,23,36,0,8,8,0,36.4,23.5,0.0,2,38,9,10,11,11,11,11
987,25,36,0,9,9,0,36.7,23.9,0.0,3,38,9,11,7,7,23,7
35,2,36,0,10,10,0,38.2,24.2,0.0,3,35,9,7,7,7,25,7
1191,29,36,0,11,11,0,37.1,24.1,0.0,3,35,9,7,5,5,2,5
783,21,36,0,12,12,0,36.6,23.8,0.0,3,35,9,5,5,5,29,5
715,20,36,0,13,13,0,36.8,23.9,0.0,3,35,9,5,14,14,21,14
1123,27,36,0,14,14,0,37.1,24.1,0.0,2,35,9,14,8,8,20,8
103,3,36,0,15,15,0,36.7,23.9,0.0,3,38,9,8,12,12,27,12
171,4,36,0,16,16,0,33.4,24.2,0.0,2,35,9,12,13,13,3,13
239,6,36,0,17,17,0,37.2,23.7,0.0,3,35,9,13,12,12,4,12
579,15,36,0,18,18,0,36.8,23.9,0.0,2,35,9,12,14,14,6,14
1055,26,36,0,19,19,0,38.4,24.3,0.0,2,35,9,14,13,13,15,13
443,10,36,0,20,20,0,37.1,24.1,0.0,0,34,9,13,8,8,26,8
376,9,37,0,1,1,0,36.8,23.9,0.0,3,39,9,8,4,4,9,4
852,22,37,0,2,2,0,36.6,23.8,0.0,3,39,9,4,4,4,9,4
1328,31,37,0,3,3,0,36.6,23.8,0.0,3,39,9,4,6,6,22,6
648,16,37,0,4,4,0,36.4,23.5,0.0,3,39,9,6,10,10,31,10
1260,30,37,0,5,5,0,36.6,23.8,0.0,2,39,9,10,6,6,16,6
308,8,37,0,6,6,0,36.6,23.8,0.0,3,39,9,6,11,11,30,11
512,11,37,0,7,7,0,36.8,23.9,0.0,3,39,9,11,10,10,8,10
920,23,37,0,8,8,0,36.4,23.5,0.0,2,39,9,10,11,11,11,11
988,25,37,0,9,9,0,36.7,23.9,0.0,3,39,9,11,7,7,23,7
36,2,37,0,10,10,0,38.2,24.2,0.0,3,36,9,7,7,7,25,7
1192,29,37,0,11,11,0,37.1,24.1,0.0,3,36,9,7,5,5,2,5
784,21,37,0,12,12,0,36.6,23.8,0.0,3,36,9,5,5,5,29,5
716,20,37,0,13,13,0,36.8,23.9,0.0,3,36,9,5,14,14,21,14
1124,27,37,0,14,14,0,37.1,24.1,0.0,2,36,9,14,8,8,20,8
104,3,37,0,15,15,0,36.7,23.9,0.0,3,39,9,8,12,12,27,12
172,4,37,0,16,16,0,33.4,24.2,0.0,2,36,9,12,13,13,3,13
240,6,37,0,17,17,0,37.2,23.7,0.0,3,36,9,13,12,12,4,12
580,15,37,0,18,18,0,36.8,23.9,0.0,2,36,9,12,14,14,6,14
1056,26,37,0,19,19,0,38.4,24.3,0.0,2,36,9,14,13,13,15,13
444,10,37,0,20,20,0,37.1,24.1,0.0,0,35,9,13,8,8,26,8
377,9,38,0,1,1,0,36.8,23.9,0.0,3,40,9,8,4,4,9,4
853,22,38,0,2,2,0,36.6,23.8,0.0,3,40,9,4,4,4,9,4
1329,31,38,0,3,3,0,36.6,23.8,0.0,3,40,9,4,6,6,22,6
649,16,38,0,4,4,0,36.4,23.5,0.0,3,40,9,6,10,10,31,10
1261,30,38,0,5,5,0,36.6,23.8,0.0,2,40,9,10,6,6,16,6
309,8,38,0,6,6,0,36.6,23.8,0.0,3,40,9,6,11,11,30,11
513,11,38,0,7,7,0,36.8,23.9,0.0,3,40,9,11,10,10,8,10
921,23,38,0,8,8,0,36.4,23.5,0.0,2,40,9,10,11,11,11,11
989,25,38,0,9,9,0,36.7,23.9,0.0,3,40,9,11,7,7,23,7
37,2,38,0,10,10,0,38.2,24.2,0.0,3,37,9,7,7,7,25,7
1193,29,38,0,11,11,0,37.1,24.1,0.0,3,37,9,7,5,5,2,5
785,21,38,0,12,12,0,36.6,23.8,0.0,3,37,9,5,5,5,29,5
717,20,38,0,13,13,0,36.8,23.9,0.0,3,37,9,5,14,14,21,14
1125,27,38,0,14,14,0,37.1,24.1,0.0,2,37,9,14,8,8,20,8
105,3,38,0,15,15,0,36.7,23.9,0.0,3,40,9,8,12,12,27,12
173,4,38,0,16,16,0,33.4,24.2,0.0,2,37,9,12,13,13,3,13
241,6,38,0,17,17,0,37.2,23.7,0.0,3,37,9,13,12,12,4,12
581,15,38,0,18,18,0,36.8,23.9,0.0,2,37,9,12,14,14,6,14
1057,26,38,0,19,19,0,38.4,24.3,0.0,2,37,9,14,13,13,15,13
445,10,38,0,20,20,0,37.1,24.1,0.0,0,36,9,13,8,8,26,8
378,9,39,0,1,1,0,36.8,23.9,0.0,3,41,9,8,4,4,9,4
854,22,39,0,2,2,0,36.6,23.8,0.0,3,41,9,4,4,4,9,4
1330,31,39,0,3,3,0,36.6,23.8,0.0,3,41,9,4,6,6,22,6
650,16,39,0,4,4,0,36.4,23.5,0.0,3,41,9,6,10,10,31,10
1262,30,39,0,5,5,0,36.6,23.8,0.0,2,41,9,10,6,6,16,6
310,8,39,0,6,6,0,36.6,23.8,0.0,3,41,9,6,11,11,30,11
514,11,39,0,7,7,0,36.8,23.9,0.0,3,41,9,11,10,10,8,10
922,23,39,0,8,8,0,36.4,23.5,0.0,2,41,9,10,11,11,11,11
990,25,39,0,9,9,0,36.7,23.9,0.0,3,41,9,11,7,7,23,7
38,2,39,0,10,10,0,38.2,24.2,0.0,3,38,9,7,7,7,25,7
1194,29,39,0,11,11,0,37.1,24.1,0.0,3,38,9,7,5,5,2,5
786,21,39,0,12,12,0,36.6,23.8,0.0,3,38,9,5,5,5,29,5
718,20,39,0,13,13,0,36.8,23.9,0.0,3,38,9,5,14,14,21,14
1126,27,39,0,14,14,0,37.1,24.1,0.0,2,38,9,14,8,8,20,8
106,3,39,0,15,15,0,36.7,23.9,0.0,3,41,9,8,12,12,27,12
174,4,39,0,16,16,0,33.4,24.2,0.0,2,38,9,12,13,13,3,13
242,6,39,0,17,17,0,37.2,23.7,0.0,3,38,9,13,12,12,4,12
582,15,39,0,18,18,0,36.8,23.9,0.0,2,38,9,12,14,14,6,14
1058,26,39,0,19,19,0,38.4,24.3,0.0,2,38,9,14,13,13,15,13
446,10,39,0,20,20,0,37.1,24.1,0.0,0,37,9,13,8,8,26,8
379,9,40,0,1,1,0,36.8,23.9,0.0,3,42,9,8,4,4,9,4
855,22,40,0,2,2,0,36.6,23.8,0.0,3,42,9,4,4,4,9,4
1331,31,40,0,3,3,0,36.6,23.8,0.0,3,42,9,4,6,6,22,6
651,16,40,0,4,4,0,36.4,23.5,0.0,3,42,9,6,10,10,31,10
1263,30,40,0,5,5,0,36.6,23.8,0.0,2,42,9,10,6,6,16,6
311,8,40,0,6,6,0,36.6,23.8,0.0,3,42,9,6,11,11,30,11
515,11,40,0,7,7,0,36.8,23.9,0.0,3,42,9,11,10,10,8,10
923,23,40,0,8,8,0,36.4,23.5,0.0,2,42,9,10,11,11,11,11
991,25,40,0,9,9,0,36.7,23.9,0.0,3,42,9,11,7,7,23,7
39,2,40,0,10,10,0,38.2,24.2,0.0,3,39,9,7,7,7,25,7
1195,29,40,0,11,11,0,37.1,24.1,0.0,3,39,9,7,5,5,2,5
787,21,40,0,12,12,0,36.6,23.8,0.0,3,39,9,5,5,5,29,5
719,20,40,0,13,13,0,36.8,23.9,0.0,3,39,9,5,14,14,21,14
1127,27,40,0,14,14,0,37.1,24.1,0.0,2,39,9,14,8,8,20,8
107,3,40,0,15,15,0,36.7,23.9,0.0,3,42,9,8,12,12,27,12
175,4,40,0,16,16,0,33.4,24.2,0.0,2,39,9,12,13,13,3,13
243,6,40,0,17,17,0,37.2,23.7,0.0,3,39,9,13,12,12,4,12
583,15,40,0,18,18,0,36.8,23.9,0.0,2,39,9,12,14,14,6,14
1059,26,40,0,19,19,0,38.4,24.3,0.0,2,39,9,14,13,13,15,13
447,10,40,0,20,20,0,37.1,24.1,0.0,0,38,9,13,8,8,26,8
380,9,41,0,1,1,0,36.8,23.9,0.0,3,43,9,8,4,4,9,4
856,22,41,0,2,2,0,36.6,23.8,0.0,3,43,9,4,4,4,9,4
1332,31,41,0,3,3,0,36.6,23.8,0.0,3,43,9,4,6,6,22,6
652,16,41,0,4,4,0,36.4,23.5,0.0,3,43,9,6,10,10,31,10
1264,30,41,0,5,5,0,36.6,23.8,0.0,2,43,9,10,6,6,16,6
312,8,41,0,6,6,0,36.6,23.8,0.0,3,43,9,6,11,11,30,11
516,11,41,0,7,7,0,36.8,23.9,0.0,3,43,9,11,10,10,8,10
924,23,41,0,8,8,0,36.4,23.5,0.0,2,43,9,10,11,11,11,11
992,25,41,0,9,9,0,36.7,23.9,0.0,3,43,9,11,7,7,23,7
40,2,41,0,10,10,0,38.2,24.2,0.0,3,40,9,7,7,7,25,7
1196,29,41,0,11,11,0,37.1,24.1,0.0,3,40,9,7,5,5,2,5
788,21,41,0,12,12,0,36.6,23.8,0.0,3,40,9,5,5,5,29,5
720,20,41,0,13,13,0,36.8,23.9,0.0,3,40,9,5,14,14,21,14
1128,27,41,0,14,14,0,37.1,24.1,0.0,2,40,9,14,8,8,20,8
108,3,41,0,15,15,0,36.7,23.9,0.0,3,43,9,8,12,12,27,12
176,4,41,0,16,16,0,33.4,24.2,0.0,2,40,9,12,13,13,3,13
244,6,41,0,17,17,0,37.2,23.7,0.0,3,40,9,13,12,12,4,12
584,15,41,0,18,18,0,36.8,23.9,0.0,2,40,9,12,14,14,6,14
1060,26,41,0,19,19,0,38.4,24.3,0.0,2,40,9,14,13,13,15,13
448,10,41,0,20,20,0,37.1,24.1,0.0,0,39,9,13,8,8,26,8
381,9,42,0,1,1,0,36.8,23.9,0.0,3,44,9,8,4,4,9,4
857,22,42,0,2,2,0,36.6,23.8,0.0,3,44,9,4,4,4,9,4
1333,31,42,0,3,3,0,36.6,23.8,0.0,3,44,9,4,6,6,22,6
653,16,42,0,4,4,0,36.4,23.5,0.0,3,44,9,6,10,10,31,10
1265,30,42,0,5,5,0,36.6,23.8,0.0,2,44,9,10,6,6,16,6
313,8,42,0,6,6,0,36.6,23.8,0.0,3,44,9,6,11,11,30,11
517,11,42,0,7,7,0,36.8,23.9,0.0,3,44,9,11,10,10,8,10
925,23,42,0,8,8,0,36.4,23.5,0.0,2,44,9,10,11,11,11,11
993,25,42,0,9,9,0,36.7,23.9,0.0,3,44,9,11,7,7,23,7
41,2,42,0,10,10,0,38.2,24.2,0.0,3,41,9,7,7,7,25,7
1197,29,42,0,11,11,0,37.1,24.1,0.0,3,41,9,7,5,5,2,5
789,21,42,0,12,12,0,36.6,23.8,0.0,3,41,9,5,5,5,29,5
721,20,42,0,13,13,0,36.8,23.9,0.0,3,41,9,5,14,14,21,14
1129,27,42,0,14,14,0,37.1,24.1,0.0,2,41,9,14,8,8,20,8
109,3,42,0,15,15,0,36.7,23.9,0.0,3,44,9,8,12,12,27,12
177,4,42,0,16,16,0,33.4,24.2,0.0,2,41,9,12,13,13,3,13
245,6,42,0,17,17,0,37.2,23.7,0.0,3,41,9,13,12,12,4,12
585,15,42,0,18,18,0,36.8,23.9,0.0,2,41,9,12,14,14,6,14
1061,26,42,0,19,19,0,38.4,24.3,0.0,2,41,9,14,13,13,15,13
449,10,42,0,20,20,0,37.1,24.1,0.0,0,40,9,13,8,8,26,8
382,9,43,0,1,1,0,36.8,23.9,0.0,3,45,9,8,4,4,9,4
858,22,43,0,2,2,0,36.6,23.8,0.0,3,45,9,4,4,4,9,4
1334,31,43,0,3,3,0,36.6,23.8,0.0,3,45,9,4,6,6,22,6
654,16,43,0,4,4,0,36.4,23.5,0.0,3,45,9,6,10,10,31,10
1266,30,43,0,5,5,0,36.6,23.8,0.0,2,45,9,10,6,6,16,6
314,8,43,0,6,6,0,36.6,23.8,0.0,3,45,9,6,11,11,30,11
518,11,43,0,7,7,0,36.8,23.9,0.0,3,45,9,11,10,10,8,10
926,23,43,0,8,8,0,36.4,23.5,0.0,2,45,9,10,11,11,11,11
994,25,43,0,9,9,0,36.7,23.9,0.0,3,45,9,11,7,7,23,7
42,2,43,0,10,10,0,38.2,24.2,0.0,3,42,9,7,7,7,25,7
1198,29,43,0,11,11,0,37.1,24.1,0.0,3,42,9,7,5,5,2,5
790,21,43,0,12,12,0,36.6,23.8,0.0,3,42,9,5,5,5,29,5
722,20,43,0,13,13,0,36.8,23.9,0.0,3,42,9,5,14,14,21,14
1130,27,43,0,14,14,0,37.1,24.1,0.0,2,42,9,14,8,8,20,8
110,3,43,0,15,15,0,36.7,23.9,0.0,3,45,9,8,12,12,27,12
178,4,43,0,16,16,0,33.4,24.2,0.0,2,42,9,12,13,13,3,13
246,6,43,0,17,17,0,37.2,23.7,0.0,3,42,9,13,12,12,4,12
586,15,43,0,18,18,0,36.8,23.9,0.0,2,42,9,12,14,14,6,14
1062,26,43,0,19,19,0,38.4,24.3,0.0,2,42,9,14,13,13,15,13
450,10,43,0,20,20,0,37.1,24.1,0.0,0,41,9,13,8,8,26,8
383,9,44,0,1,1,0,36.8,23.9,0.0,3,46,9,8,4,4,9,4
859,22,44,0,2,2,0,36.6,23.8,0.0,3,46,9,4,4,4,9,4
1335,31,44,0,3,3,0,36.6,23.8,0.0,3,46,9,4,6,6,22,6
655,16,44,0,4,4,0,36.4,23.5,0.0,3,46,9,6,10,10,31,10
1267,30,44,0,5,5,0,36.6,23.8,0.0,2,46,9,10,6,6,16,6
315,8,44,0,6,6,0,36.6,23.8,0.0,3,46,9,6,11,11,30,11
519,11,44,0,7,7,0,36.8,23.9,0.0,3,46,9,11,10,10,8,10
927,23,44,0,8,8,0,36.4,23.5,0.0,2,46,9,10,11,11,11,11
995,25,44,0,9,9,0,36.7,23.9,0.0,3,46,9,11,7,7,23,7
43,2,44,0,10,10,0,38.2,24.2,0.0,3,43,9,7,7,7,25,7
1199,29,44,0,11,11,0,37.1,24.1,0.0,3,43,9,7,5,5,2,5
791,21,44,0,12,12,0,36.6,23.8,0.0,3,43,9,5,5,5,29,5
723,20,44,0,13,13,0,36.8,23.9,0.0,3,43,9,5,14,14,21,14
1131,27,44,0,14,14,0,37.1,24.1,0.0,2,43,9,14,8,8,20,8
111,3,44,0,15,15,0,36.7,23.9,0.0,3,46,9,8,12,12,27,12
179,4,44,0,16,16,0,33.4,24.2,0.0,2,43,9,12,13,13,3,13
247,6,44,0,17,17,0,37.2,23.7,0.0,3,43,9,13,12,12,4,12
587,15,44,0,18,18,0,36.8,23.9,0.0,2,43,9,12,14,14,6,14
1063,26,44,0,19,19,0,38.4,24.3,0.0,2,43,9,14,13,13,15,13
451,10,44,0,20,20,0,37.1,24.1,0.0,0,42,9,13,8,8,26,8
384,9,45,0,1,1,0,36.8,23.9,0.0,3,47,9,8,4,4,9,4
860,22,45,0,2,2,0,36.6,23.8,0.0,3,47,9,4,4,4,9,4
1336,31,45,0,3,3,0,36.6,23.8,0.0,3,47,9,4,6,6,22,6
656,16,45,0,4,4,0,36.4,23.5,0.0,3,47,9,6,10,10,31,10
1268,30,45,0,5,5,0,36.6,23.8,0.0,2,47,9,10,6,6,16,6
316,8,45,0,6,6,0,36.6,23.8,0.0,3,47,9,6,11,11,30,11
520,11,45,0,7,7,0,36.8,23.9,0.0,3,47,9,11,10,10,8,10
928,23,45,0,8,8,0,36.4,23.5,0.0,2,47,9,10,11,11,11,11
996,25,45,0,9,9,0,36.7,23.9,0.0,3,47,9,11,7,7,23,7
44,2,45,0,10,10,0,38.2,24.2,0.0,3,44,9,7,7,7,25,7
1200,29,45,0,11,11,0,37.1,24.1,0.0,3,44,9,7,5,5,2,5
792,21,45,0,12,12,0,36.6,23.8,0.0,3,44,9,5,5,5,29,5
724,20,45,0,13,13,0,36.8,23.9,0.0,3,44,9,5,14,14,21,14
1132,27,45,0,14,14,0,37.1,24.1,0.0,2,44,9,14,8,8,20,8
112,3,45,0,15,15,0,36.7,23.9,0.0,3,47,9,8,12,12,27,12
180,4,45,0,16,16,0,33.4,24.2,0.0,2,44,9,12,13,13,3,13
248,6,45,0,17,17,0,37.2,23.7,0.0,3,44,9,13,12,12,4,12
588,15,45,0,18,18,0,36.8,23.9,0.0,2,44,9,12,14,14,6,14
1064,26,45,0,19,19,0,38.4,24.3,0.0,2,44,9,14,13,13,15,13
452,10,45,0,20,20,0,37.1,24.1,0.0,0,43,9,13,8,8,26,8
385,9,46,0,1,1,0,36.8,23.9,0.0,3,48,9,8,4,4,9,4
861,22,46,0,2,2,0,36.6,23.8,0.0,3,48,9,4,4,4,9,4
1337,31,46,0,3,3,0,36.6,23.8,0.0,3,48,9,4,6,6,22,6
657,16,46,0,4,4,0,36.4,23.5,0.0,3,48,9,6,10,10,31,10
1269,30,46,0,5,5,0,36.6,23.8,0.0,2,48,9,10,6,6,16,6
317,8,46,0,6,6,0,36.6,23.8,0.0,3,48,9,6,11,11,30,11
521,11,46,0,7,7,0,36.8,23.9,0.0,3,48,9,11,10,10,8,10
929,23,46,0,8,8,0,36.4,23.5,0.0,2,48,9,10,11,11,11,11
997,25,46,0,9,9,0,36.7,23.9,0.0,3,48,9,11,7,7,23,7
45,2,46,0,10,10,0,38.2,24.2,0.0,3,45,9,7,7,7,25,7
1201,29,46,0,11,11,0,37.1,24.1,0.0,3,45,9,7,5,5,2,5
793,21,46,0,12,12,0,36.6,23.8,0.0,3,45,9,5,5,5,29,5
725,20,46,0,13,13,0,36.8,23.9,0.0,3,45,9,5,14,14,21,14
1133,27,46,0,14,14,0,37.1,24.1,0.0,2,45,9,14,8,8,20,8
113,3,46,0,15,15,0,36.7,23.9,0.0,3,48,9,8,12,12,27,12
181,4,46,0,16,16,0,33.4,24.2,0.0,2,45,9,12,13,13,3,13
249,6,46,0,17,17,0,37.2,23.7,0.0,3,45,9,13,12,12,4,12
589,15,46,0,18,18,0,36.8,23.9,0.0,2,45,9,12,14,14,6,14
1065,26,46,0,19,19,0,38.4,24.3,0.0,2,45,9,14,13,13,15,13
453,10,46,0,20,20,0,37.1,24.1,0.0,0,44,9,13,8,8,26,8
386,9,47,0,1,1,0,36.8,23.9,0.0,3,49,9,8,4,4,9,4
862,22,47,0,2,2,0,36.6,23.8,0.0,3,49,9,4,4,4,9,4
1338,31,47,0,3,3,0,36.6,23.8,0.0,3,49,9,4,6,6,22,6
658,16,47,0,4,4,0,36.4,23.5,0.0,3,49,9,6,10,10,31,10
1270,30,47,0,5,5,0,36.6,23.8,0.0,2,49,9,10,6,6,16,6
318,8,47,0,6,6,0,36.6,23.8,0.0,3,49,9,6,11,11,30,11
522,11,47,0,7,7,0,36.8,23.9,0.0,3,49,9,11,10,10,8,10
930,23,47,0,8,8,0,36.4,23.5,0.0,2,49,9,10,11,11,11,11
998,25,47,0,9,9,0,36.7,23.9,0.0,3,49,9,11,7,7,23,7
46,2,47,0,10,10,0,38.2,24.2,0.0,3,46,9,7,7,7,25,7
1202,29,47,0,11,11,0,37.1,24.1,0.0,3,46,9,7,5,5,2,5
794,21,47,0,12,12,0,36.6,23.8,0.0,3,46,9,5,5,5,29,5
726,20,47,0,13,13,0,36.8,23.9,0.0,3,46,9,5,14,14,21,14
1134,27,47,0,14,14,0,37.1,24.1,0.0,2,46,9,14,8,8,20,8
114,3,47,0,15,15,0,36.7,23.9,0.0,3,49,9,8,12,12,27,12
182,4,47,0,16,16,0,33.4,24.2,0.0,2,46,9,12,13,13,3,13
250,6,47,0,17,17,0,37.2,23.7,0.0,3,46,9,13,12,12,4,12
590,15,47,0,18,18,0,36.8,23.9,0.0,2,46,9,12,14,14,6,14
1066,26,47,0,19,19,0,38.4,24.3,0.0,2,46,9,14,13,13,15,13
454,10,47,0,20,20,0,37.1,24.1,0.0,0,45,9,13,8,8,26,8
387,9,48,0,1,1,0,36.8,23.9,0.0,3,50,9,8,4,4,9,4
863,22,48,0,2,2,0,36.6,23.8,0.0,3,50,9,4,4,4,9,4
1339,31,48,0,3,3,0,36.6,23.8,0.0,3,50,9,4,6,6,22,6
659,16,48,0,4,4,0,36.4,23.5,0.0,3,50,9,6,10,10,31,10
1271,30,48,0,5,5,0,36.6,23.8,0.0,2,50,9,10,6,6,16,6
319,8,48,0,6,6,0,36.6,23.8,0.0,3,50,9,6,11,11,30,11
523,11,48,0,7,7,0,36.8,23.9,0.0,3,50,9,11,10,10,8,10
931,23,48,0,8,8,0,36.4,23.5,0.0,2,50,9,10,11,11,11,11
999,25,48,0,9,9,0,36.7,23.9,0.0,3,50,9,11,7,7,23,7
47,2,48,0,10,10,0,38.2,24.2,0.0,3,47,9,7,7,7,25,7
1203,29,48,0,11,11,0,37.1,24.1,0.0,3,47,9,7,5,5,2,5
795,21,48,0,12,12,0,36.6,23.8,0.0,3,47,9,5,5,5,29,5
727,20,48,0,13,13,0,36.8,23.9,0.0,3,47,9,5,14,14,21,14
1135,27,48,0,14,14,0,37.1,24.1,0.0,2,47,9,14,8,8,20,8
115,3,48,0,15,15,0,36.7,23.9,0.0,3,50,9,8,12,12,27,12
183,4,48,0,16,16,0,33.4,24.2,0.0,2,47,9,12,13,13,3,13
251,6,48,0,17,17,0,37.2,23.7,0.0,3,47,9,13,12,12,4,12
591,15,48,0,18,18,0,36.8,23.9,0.0,2,47,9,12,14,14,6,14
1067,26,48,0,19,19,0,38.4,24.3,0.0,2,47,9,14,13,13,15,13
455,10,48,0,20,20,0,37.1,24.1,0.0,0,46,9,13,8,8,26,8
388,9,49,0,1,1,0,36.8,23.9,0.0,3,51,9,8,4,4,9,4
864,22,49,0,2,2,0,36.6,23.8,0.0,3,51,9,4,4,4,9,4
1340,31,49,0,3,3,0,36.6,23.8,0.0,3,51,9,4,6,6,22,6
660,16,49,0,4,4,0,36.4,23.5,0.0,3,51,9,6,10,10,31,10
1272,30,49,0,5,5,0,36.6,23.8,0.0,2,51,9,10,6,6,16,6
320,8,49,0,6,6,0,36.6,23.8,0.0,3,51,9,6,11,11,30,11
524,11,49,0,7,7,0,36.8,23.9,0.0,3,51,9,11,10,10,8,10
932,23,49,0,8,8,0,36.4,23.5,0.0,2,51,9,10,11,11,11,11
1000,25,49,0,9,9,0,36.7,23.9,0.0,3,51,9,11,7,7,23,7
48,2,49,0,10,10,0,38.2,24.2,0.0,3,48,9,7,7,7,25,7
1204,29,49,0,11,11,0,37.1,24.1,0.0,3,48,9,7,5,5,2,5
796,21,49,0,12,12,0,36.6,23.8,0.0,3,48,9,5,5,5,29,5
728,20,49,0,13,13,0,36.8,23.9,0.0,3,48,9,5,14,14,21,14
1136,27,49,0,14,14,0,37.1,24.1,0.0,2,48,9,14,8,8,20,8
116,3,49,0,15,15,0,36.7,23.9,0.0,3,51,9,8,12,12,27,12
184,4,49,0,16,16,0,33.4,24.2,0.0,2,48,9,12,13,13,3,13
252,6,49,0,17,17,0,37.2,23.7,0.0,3,48,9,13,12,12,4,12
592,15,49,0,18,18,0,36.8,23.9,0.0,2,48,9,12,14,14,6,14
1068,26,49,0,19,19,0,38.4,24.3,0.0,2,48,9,14,13,13,15,13
456,10,49,0,20,20,0,37.1,24.1,0.0,0,47,9,13,8,8,26,8
389,9,50,0,1,1,0,36.8,23.9,0.0,3,52,9,8,4,4,9,4
865,22,50,0,2,2,0,36.6,23.8,0.0,3,52,9,4,4,4,9,4
1341,31,50,0,3,3,0,36.6,23.8,0.0,3,52,9,4,6,6,22,6
661,16,50,0,4,4,0,36.4,23.5,0.0,3,52,9,6,10,10,31,10
1273,30,50,0,5,5,0,36.6,23.8,0.0,2,52,9,10,6,6,16,6
321,8,50,0,6,6,0,36.6,23.8,0.0,3,52,9,6,11,11,30,11
525,11,50,0,7,7,0,36.8,23.9,0.0,3,52,9,11,10,10,8,10
933,23,50,0,8,8,0,36.4,23.5,0.0,2,52,9,10,11,11,11,11
1001,25,50,0,9,9,0,36.7,23.9,0.0,3,52,9,11,7,7,23,7
49,2,50,0,10,10,0,38.2,24.2,0.0,3,49,9,7,7,7,25,7
1205,29,50,0,11,11,0,37.1,24.1,0.0,3,49,9,7,5,5,2,5
797,21,50,0,12,12,0,36.6,23.8,0.0,3,49,9,5,5,5,29,5
729,20,50,0,13,13,0,36.8,23.9,0.0,3,49,9,5,14,14,21,14
1137,27,50,0,14,14,0,37.1,24.1,0.0,2,49,9,14,8,8,20,8
117,3,50,0,15,15,0,36.7,23.9,0.0,3,52,9,8,12,12,27,12
185,4,50,0,16,16,0,33.4,24.2,0.0,2,49,9,12,13,13,3,13
253,6,50,0,17,17,0,37.2,23.7,0.0,3,49,9,13,12,12,4,12
593,15,50,0,18,18,0,36.8,23.9,0.0,2,49,9,12,14,14,6,14
1069,26,50,0,19,19,0,38.4,24.3,0.0,2,49,9,14,13,13,15,13
457,10,50,0,20,20,0,37.1,24.1,0.0,0,48,9,13,8,8,26,8
390,9,51,0,1,1,0,36.8,23.9,0.0,3,53,9,8,4,4,9,4
866,22,51,0,2,2,0,36.6,23.8,0.0,3,53,9,4,4,4,9,4
1342,31,51,0,3,3,0,36.6,23.8,0.0,3,53,9,4,6,6,22,6
662,16,51,0,4,4,0,36.4,23.5,0.0,3,53,9,6,10,10,31,10
1274,30,51,0,5,5,0,36.6,23.8,0.0,2,53,9,10,6,6,16,6
322,8,51,0,6,6,0,36.6,23.8,0.0,3,53,9,6,11,11,30,11
526,11,51,0,7,7,0,36.8,23.9,0.0,3,53,9,11,10,10,8,10
934,23,51,0,8,8,0,36.4,23.5,0.0,2,53,9,10,11,11,11,11
1002,25,51,0,9,9,0,36.7,23.9,0.0,3,53,9,11,7,7,23,7
50,2,51,0,10,10,0,38.2,24.2,0.0,3,50,9,7,7,7,25,7
1206,29,51,0,11,11,0,37.1,24.1,0.0,3,50,9,7,5,5,2,5
798,21,51,0,12,12,0,36.6,23.8,0.0,3,50,9,5,5,5,29,5
730,20,51,0,13,13,0,36.8,23.9,0.0,3,50,9,5,14,14,21,14
1138,27,51,0,14,14,0,37.1,24.1,0.0,2,50,9,14,8,8,20,8
118,3,51,0,15,15,0,36.7,23.9,0.0,3,53,9,8,12,12,27,12
186,4,51,0,16,16,0,33.4,24.2,0.0,2,50,9,12,13,13,3,13
254,6,51,0,17,17,0,37.2,23.7,0.0,3,50,9,13,12,12,4,12
594,15,51,0,18,18,0,36.8,23.9,0.0,2,50,9,12,14,14,6,14
1070,26,51,0,19,19,0,38.4,24.3,0.0,2,50,9,14,13,13,15,13
458,10,51,0,20,20,0,37.1,24.1,0.0,0,49,9,13,8,8,26,8
391,9,52,0,1,1,0,36.8,23.9,0.0,3,54,9,8,4,4,9,4
867,22,52,0,2,2,0,36.6,23.8,0.0,3,54,9,4,4,4,9,4
1343,31,52,0,3,3,0,36.6,23.8,0.0,3,54,9,4,6,6,22,6
663,16,52,0,4,4,0,36.4,23.5,0.0,3,54,9,6,10,10,31,10
1275,30,52,0,5,5,0,36.6,23.8,0.0,2,54,9,10,6,6,16,6
323,8,52,0,6,6,0,36.6,23.8,0.0,3,54,9,6,11,11,30,11
527,11,52,0,7,7,0,36.8,23.9,0.0,3,54,9,11,10,10,8,10
935,23,52,0,8,8,0,36.4,23.5,0.0,2,54,9,10,11,11,11,11
1003,25,52,0,9,9,0,36.7,23.9,0.0,3,54,9,11,7,7,23,7
51,2,52,0,10,10,0,38.2,24.2,0.0,3,51,9,7,7,7,25,7
1207,29,52,0,11,11,0,37.1,24.1,0.0,3,51,9,7,5,5,2,5
799,21,52,0,12,12,0,36.6,23.8,0.0,3,51,9,5,5,5,29,5
731,20,52,0,13,13,0,36.8,23.9,0.0,3,51,9,5,14,14,21,14
1139,27,52,0,14,14,0,37.1,24.1,0.0,2,51,9,14,8,8,20,8
119,3,52,0,15,15,0,36.7,23.9,0.0,3,54,9,8,12,12,27,12
187,4,52,0,16,16,0,33.4,24.2,0.0,2,51,9,12,13,13,3,13
255,6,52,0,17,17,0,37.2,23.7,0.0,3,51,9,13,12,12,4,12
595,15,52,0,18,18,0,36.8,23.9,0.0,2,51,9,12,14,14,6,14
1071,26,52,0,19,19,0,38.4,24.3,0.0,2,51,9,14,13,13,15,13
459,10,52,0,20,20,0,37.1,24.1,0.0,0,50,9,13,8,8,26,8
392,9,53,0,1,1,0,36.8,23.9,0.0,3,55,9,8,4,4,9,4
868,22,53,0,2,2,0,36.6,23.8,0.0,3,55,9,4,4,4,9,4
1344,31,53,0,3,3,0,36.6,23.8,0.0,3,55,9,4,6,6,22,6
664,16,53,0,4,4,0,36.4,23.5,0.0,3,55,9,6,10,10,31,10
1276,30,53,0,5,5,0,36.6,23.8,0.0,2,55,9,10,6,6,16,6
324,8,53,0,6,6,0,36.6,23.8,0.0,3,55,9,6,11,11,30,11
528,11,53,0,7,7,0,36.8,23.9,0.0,3,55,9,11,10,10,8,10
936,23,53,0,8,8,0,36.4,23.5,0.0,2,55,9,10,11,11,11,11
1004,25,53,0,9,9,0,36.7,23.9,0.0,3,55,9,11,7,7,23,7
52,2,53,0,10,10,0,38.2,24.2,0.0,3,52,9,7,7,7,25,7
1208,29,53,0,11,11,0,37.1,24.1,0.0,3,52,9,7,5,5,2,5
800,21,53,0,12,12,0,36.6,23.8,0.0,3,52,9,5,5,5,29,5
732,20,53,0,13,13,0,36.8,23.9,0.0,3,52,9,5,14,14,21,14
1140,27,53,0,14,14,0,37.1,24.1,0.0,2,52,9,14,8,8,20,8
120,3,53,0,15,15,0,36.7,23.9,0.0,3,55,9,8,12,12,27,12
188,4,53,0,16,16,0,33.4,24.2,0.0,2,52,9,12,13,13,3,13
256,6,53,0,17,17,0,37.2,23.7,0.0,3,52,9,13,12,12,4,12
596,15,53,0,18,18,0,36.8,23.9,0.0,2,52,9,12,14,14,6,14
1072,26,53,0,19,19,0,38.4,24.3,0.0,2,52,9,14,13,13,15,13
460,10,53,0,20,20,0,37.1,24.1,0.0,0,51,9,13,8,8,26,8
393,9,54,0,1,1,0,36.8,23.9,0.0,3,56,9,8,4,4,9,4
869,22,54,0,2,2,0,36.6,23.8,0.0,3,56,9,4,4,4,9,4
1345,31,54,0,3,3,0,36.6,23.8,0.0,3,56,9,4,6,6,22,6
665,16,54,0,4,4,0,36.4,23.5,0.0,3,56,9,6,10,10,31,10
1277,30,54,0,5,5,0,36.6,23.8,0.0,2,56,9,10,6,6,16,6
325,8,54,0,6,6,0,36.6,23.8,0.0,3,56,9,6,11,11,30,11
529,11,54,0,7,7,0,36.8,23.9,0.0,3,56,9,11,10,10,8,10
937,23,54,0,8,8,0,36.4,23.5,0.0,2,56,9,10,11,11,11,11
1005,25,54,0,9,9,0,36.7,23.9,0.0,3,56,9,11,7,7,23,7
53,2,54,0,10,10,0,38.2,24.2,0.0,3,53,9,7,7,7,25,7
1209,29,54,0,11,11,0,37.1,24.1,0.0,3,53,9,7,5,5,2,5
801,21,54,0,12,12,0,36.6,23.8,0.0,3,53,9,5,5,5,29,5
733,20,54,0,13,13,0,36.8,23.9,0.0,3,53,9,5,14,14,21,14
1141,27,54,0,14,14,0,37.1,24.1,0.0,2,53,9,14,8,8,20,8
121,3,54,0,15,15,0,36.7,23.9,0.0,3,56,9,8,12,12,27,12
189,4,54,0,16,16,0,33.4,24.2,0.0,2,53,9,12,13,13,3,13
257,6,54,0,17,17,0,37.2,23.7,0.0,3,53,9,13,12,12,4,12
597,15,54,0,18,18,0,36.8,23.9,0.0,2,53,9,12,14,14,6,14
1073,26,54,0,19,19,0,38.4,24.3,0.0,2,53,9,14,13,13,15,13
461,10,54,0,20,20,0,37.1,24.1,0.0,0,52,9,13,8,8,26,8
394,9,55,0,1,1,0,36.8,23.9,0.0,3,57,9,8,4,4,9,4
870,22,55,0,2,2,0,36.6,23.8,0.0,3,57,9,4,4,4,9,4
1346,31,55,0,3,3,0,36.6,23.8,0.0,3,57,9,4,6,6,22,6
666,16,55,0,4,4,0,36.4,23.5,0.0,3,57,9,6,10,10,31,10
1278,30,55,0,5,5,0,36.6,23.8,0.0,2,57,9,10,6,6,16,6
326,8,55,0,6,6,0,36.6,23.8,0.0,3,57,9,6,11,11,30,11
530,11,55,0,7,7,0,36.8,23.9,0.0,3,57,9,11,10,10,8,10
938,23,55,0,8,8,0,36.4,23.5,0.0,2,57,9,10,11,11,11,11
1006,25,55,0,9,9,0,36.7,23.9,0.0,3,57,9,11,7,7,23,7
54,2,55,0,10,10,0,38.2,24.2,0.0,3,54,9,7,7,7,25,7
1210,29,55,0,11,11,0,37.1,24.1,0.0,3,54,9,7,5,5,2,5
802,21,55,0,12,12,0,36.6,23.8,0.0,3,54,9,5,5,5,29,5
734,20,55,0,13,13,0,36.8,23.9,0.0,3,54,9,5,14,14,21,14
1142,27,55,0,14,14,0,37.1,24.1,0.0,2,54,9,14,8,8,20,8
122,3,55,0,15,15,0,36.7,23.9,0.0,3,57,9,8,12,12,27,12
190,4,55,0,16,16,0,33.4,24.2,0.0,2,54,9,12,13,13,3,13
258,6,55,0,17,17,0,37.2,23.7,0.0,3,54,9,13,12,12,4,12
598,15,55,0,18,18,0,36.8,23.9,0.0,2,54,9,12,14,14,6,14
1074,26,55,0,19,19,0,38.4,24.3,0.0,2,54,9,14,13,13,15,13
462,10,55,0,20,20,0,37.1,24.1,0.0,0,53,9,13,8,8,26,8
395,9,56,0,1,1,0,36.8,23.9,0.0,3,58,9,8,4,4,9,4
871,22,56,0,2,2,0,36.6,23.8,0.0,3,58,9,4,4,4,9,4
1347,31,56,0,3,3,0,36.6,23.8,0.0,3,58,9,4,6,6,22,6
667,16,56,0,4,4,0,36.4,23.5,0.0,3,58,9,6,10,10,31,10
1279,30,56,0,5,5,0,36.6,23.8,0.0,2,58,9,10,6,6,16,6
327,8,56,0,6,6,0,36.6,23.8,0.0,3,58,9,6,11,11,30,11
531,11,56,0,7,7,0,36.8,23.9,0.0,3,58,9,11,10,10,8,10
939,23,56,0,8,8,0,36.4,23.5,0.0,2,58,9,10,11,11,11,11
1007,25,56,0,9,9,0,36.7,23.9,0.0,3,58,9,11,7,7,23,7
55,2,56,0,10,10,0,38.2,24.2,0.0,3,55,9,7,7,7,25,7
1211,29,56,0,11,11,0,37.1,24.1,0.0,3,55,9,7,5,5,2,5
803,21,56,0,12,12,0,36.6,23.8,0.0,3,55,9,5,5,5,29,5
735,20,56,0,13,13,0,36.8,23.9,0.0,3,55,9,5,14,14,21,14
1143,27,56,0,14,14,0,37.1,24.1,0.0,2,55,9,14,8,8,20,8
123,3,56,0,15,15,0,36.7,23.9,0.0,3,58,9,8,12,12,27,12
191,4,56,0,16,16,0,33.4,24.2,0.0,2,55,9,12,13,13,3,13
259,6,56,0,17,17,0,37.2,23.7,0.0,3,55,9,13,12,12,4,12
599,15,56,0,18,18,0,36.8,23.9,0.0,2,55,9,12,14,14,6,14
1075,26,56,0,19,19,0,38.4,24.3,0.0,2,55,9,14,13,13,15,13
463,10,56,0,20,20,0,37.1,24.1,0.0,0,54,9,13,8,8,26,8
396,9,57,0,1,1,0,36.8,23.9,0.0,3,59,9,8,4,4,9,4
872,22,57,0,2,2,0,36.6,23.8,0.0,3,59,9,4,4,4,9,4
1348,31,57,0,3,3,0,36.6,23.8,0.0,3,59,9,4,6,6,22,6
668,16,57,0,4,4,0,36.4,23.5,0.0,3,59,9,6,10,10,31,10
1280,30,57,0,5,5,0,36.6,23.8,0.0,2,59,9,10,6,6,16,6
328,8,57,0,6,6,0,36.6,23.8,0.0,3,59,9,6,11,11,30,11
532,11,57,0,7,7,0,36.8,23.9,0.0,3,59,9,11,10,10,8,10
940,23,57,0,8,8,0,36.4,23.5,0.0,2,59,9,10,11,11,11,11
1008,25,57,0,9,9,0,36.7,23.9,0.0,3,59,9,11,7,7,23,7
56,2,57,0,10,10,0,38.2,24.2,0.0,3,56,9,7,7,7,25,7
1212,29,57,0,11,11,0,37.1,24.1,0.0,3,56,9,7,5,5,2,5
804,21,57,0,12,12,0,36.6,23.8,0.0,3,56,9,5,5,5,29,5
736,20,57,0,13,13,0,36.8,23.9,0.0,3,56,9,5,14,14,21,14
1144,27,57,0,14,14,0,37.1,24.1,0.0,2,56,9,14,8,8,20,8
124,3,57,0,15,15,0,36.7,23.9,0.0,3,59,9,8,12,12,27,12
192,4,57,0,16,16,0,33.4,24.2,0.0,2,56,9,12,13,13,3,13
260,6,57,0,17,17,0,37.2,23.7,0.0,3,56,9,13,12,12,4,12
600,15,57,0,18,18,0,36.8,23.9,0.0,2,56,9,12,14,14,6,14
1076,26,57,0,19,19,0,38.4,24.3,0.0,2,56,9,14,13,13,15,13
464,10,57,0,20,20,0,37.1,24.1,0.0,0,55,9,13,8,8,26,8
397,9,58,0,1,1,0,36.8,23.9,0.0,3,60,9,8,4,4,9,4
873,22,58,0,2,2,0,36.6,23.8,0.0,3,60,9,4,4,4,9,4
1349,31,58,0,3,3,0,36.6,23.8,0.0,3,60,9,4,6,6,22,6
669,16,58,0,4,4,0,36.4,23.5,0.0,3,60,9,6,10,10,31,10
1281,30,58,0,5,5,0,36.6,23.8,0.0,2,60,9,10,6,6,16,6
329,8,58,0,6,6,0,36.6,23.8,0.0,3,60,9,6,11,11,30,11
533,11,58,0,7,7,0,36.8,23.9,0.0,3,60,9,11,10,10,8,10
941,23,58,0,8,8,0,36.4,23.5,0.0,2,60,9,10,11,11,11,11
1009,25,58,0,9,9,0,36.7,23.9,0.0,3,60,9,11,7,7,23,7
57,2,58,0,10,10,0,38.2,24.2,0.0,3,57,9,7,7,7,25,7
1213,29,58,0,11,11,0,37.1,24.1,0.0,3,57,9,7,5,5,2,5
805,21,58,0,12,12,0,36.6,23.8,0.0,3,57,9,5,5,5,29,5
737,20,58,0,13,13,0,36.8,23.9,0.0,3,57,9,5,14,14,21,14
1145,27,58,0,14,14,0,37.1,24.1,0.0,2,57,9,14,8,8,20,8
125,3,58,0,15,15,0,36.7,23.9,0.0,3,60,9,8,12,12,27,12
193,4,58,0,16,16,0,33.4,24.2,0.0,2,57,9,12,13,13,3,13
261,6,58,0,17,17,0,37.2,23.7,0.0,3,57,9,13,12,12,4,12
601,15,58,0,18,18,0,36.8,23.9,0.0,2,57,9,12,14,14,6,14
1077,26,58,0,19,19,0,38.4,24.3,0.0,2,57,9,14,13,13,15,13
465,10,58,0,20,20,0,37.1,24.1,0.0,0,56,9,13,8,8,26,8
398,9,59,0,1,1,0,36.8,23.9,0.0,3,61,9,8,4,4,9,4
874,22,59,0,2,2,0,36.6,23.8,0.0,3,61,9,4,4,4,9,4
1350,31,59,0,3,3,0,36.6,23.8,0.0,3,61,9,4,6,6,22,6
670,16,59,0,4,4,0,36.4,23.5,0.0,3,61,9,6,10,10,31,10
1282,30,59,0,5,5,0,36.6,23.8,0.0,2,61,9,10,6,6,16,6
330,8,59,0,6,6,0,36.6,23.8,0.0,3,61,9,6,11,11,30,11
534,11,59,0,7,7,0,36.8,23.9,0.0,3,61,9,11,10,10,8,10
942,23,59,0,8,8,0,36.4,23.5,0.0,2,61,9,10,11,11,11,11
1010,25,59,0,9,9,0,36.7,23.9,0.0,3,61,9,11,7,7,23,7
58,2,59,0,10,10,0,38.2,24.2,0.0,3,58,9,7,7,7,25,7
1214,29,59,0,11,11,0,37.1,24.1,0.0,3,58,9,7,5,5,2,5
806,21,59,0,12,12,0,36.6,23.8,0.0,3,58,9,5,5,5,29,5
738,20,59,0,13,13,0,36.8,23.9,0.0,3,58,9,5,14,14,21,14
1146,27,59,0,14,14,0,37.1,24.1,0.0,2,58,9,14,8,8,20,8
126,3,59,0,15,15,0,36.7,23.9,0.0,3,61,9,8,12,12,27,12
194,4,59,0,16,16,0,33.4,24.2,0.0,2,58,9,12,13,13,3,13
262,6,59,0,17,17,0,37.2,23.7,0.0,3,58,9,13,12,12,4,12
602,15,59,0,18,18,0,36.8,23.9,0.0,2,58,9,12,14,14,6,14
1078,26,59,0,19,19,0,38.4,24.3,0.0,2,58,9,14,13,13,15,13
466,10,59,0,20,20,0,37.1,24.1,0.0,0,57,9,13,8,8,26,8
399,9,60,0,1,1,0,36.8,23.9,0.0,3,62,9,8,4,4,9,4
875,22,60,0,2,2,0,36.6,23.8,0.0,3,62,9,4,4,4,9,4
1351,31,60,0,3,3,0,36.6,23.8,0.0,3,62,9,4,6,6,22,6
671,16,60,0,4,4,0,36.4,23.5,0.0,3,62,9,6,10,10,31,10
1283,30,60,0,5,5,0,36.6,23.8,0.0,2,62,9,10,6,6,16,6
331,8,60,0,6,6,0,36.6,23.8,0.0,3,62,9,6,11,11,30,11
535,11,60,0,7,7,0,36.8,23.9,0.0,3,62,9,11,10,10,8,10
943,23,60,0,8,8,0,36.4,23.5,0.0,2,62,9,10,11,11,11,11
1011,25,60,0,9,9,0,36.7,23.9,0.0,3,62,9,11,7,7,23,7
59,2,60,0,10,10,0,38.2,24.2,0.0,3,59,9,7,7,7,25,7
1215,29,60,0,11,11,0,37.1,24.1,0.0,3,59,9,7,5,5,2,5
807,21,60,0,12,12,0,36.6,23.8,0.0,3,59,9,5,5,5,29,5
739,20,60,0,13,13,0,36.8,23.9,0.0,3,59,9,5,14,14,21,14
1147,27,60,0,14,14,0,37.1,24.1,0.0,2,59,9,14,8,8,20,8
127,3,60,0,15,15,0,36.7,23.9,0.0,3,62,9,8,12,12,27,12
195,4,60,0,16,16,0,33.4,24.2,0.0,2,59,9,12,13,13,3,13
263,6,60,0,17,17,0,37.2,23.7,0.0,3,59,9,13,12,12,4,12
603,15,60,0,18,18,0,36.8,23.9,0.0,2,59,9,12,14,14,6,14
1079,26,60,0,19,19,0,38.4,24.3,0.0,2,59,9,14,13,13,15,13
467,10,60,0,20,20,0,37.1,24.1,0.0,0,58,9,13,8,8,26,8
400,9,61,0,1,1,0,36.8,23.9,0.0,3,63,9,8,4,4,9,4
876,22,61,0,2,2,0,36.6,23.8,0.0,3,63,9,4,4,4,9,4
1352,31,61,0,3,3,0,36.6,23.8,0.0,3,63,9,4,6,6,22,6
672,16,61,0,4,4,0,36.4,23.5,0.0,3,63,9,6,10,10,31,10
1284,30,61,0,5,5,0,36.6,23.8,0.0,2,63,9,10,6,6,16,6
332,8,61,0,6,6,0,36.6,23.8,0.0,3,63,9,6,11,11,30,11
536,11,61,0,7,7,0,36.8,23.9,0.0,3,63,9,11,10,10,8,10
944,23,61,0,8,8,0,36.4,23.5,0.0,2,63,9,10,11,11,11,11
1012,25,61,0,9,9,0,36.7,23.9,0.0,3,63,9,11,7,7,23,7
60,2,61,0,10,10,0,38.2,24.2,0.0,3,60,9,7,7,7,25,7
1216,29,61,0,11,11,0,37.1,24.1,0.0,3,60,9,7,5,5,2,5
808,21,61,0,12,12,0,36.6,23.8,0.0,3,60,9,5,5,5,29,5
740,20,61,0,13,13,0,36.8,23.9,0.0,3,60,9,5,14,14,21,14
1148,27,61,0,14,14,0,37.1,24.1,0.0,2,60,9,14,8,8,20,8
128,3,61,0,15,15,0,36.7,23.9,0.0,3,63,9,8,12,12,27,12
196,4,61,0,16,16,0,33.4,24.2,0.0,2,60,9,12,13,13,3,13
264,6,61,0,17,17,0,37.2,23.7,0.0,3,60,9,13,12,12,4,12
604,15,61,0,18,18,0,36.8,23.9,0.0,2,60,9,12,14,14,6,14
1080,26,61,0,19,19,0,38.4,24.3,0.0,2,60,9,14,13,13,15,13
468,10,61,0,20,20,0,37.1,24.1,0.0,0,59,9,13,8,8,26,8
401,9,62,0,1,1,0,36.8,23.9,0.0,3,64,9,8,4,4,9,4
877,22,62,0,2,2,0,36.6,23.8,0.0,3,64,9,4,4,4,9,4
1353,31,62,0,3,3,0,36.6,23.8,0.0,3,64,9,4,6,6,22,6
673,16,62,0,4,4,0,36.4,23.5,0.0,3,64,9,6,10,10,31,10
1285,30,62,0,5,5,0,36.6,23.8,0.0,2,64,9,10,6,6,16,6
333,8,62,0,6,6,0,36.6,23.8,0.0,3,64,9,6,11,11,30,11
537,11,62,0,7,7,0,36.8,23.9,0.0,3,64,9,11,10,10,8,10
945,23,62,0,8,8,0,36.4,23.5,0.0,2,64,9,10,11,11,11,11
1013,25,62,0,9,9,0,36.7,23.9,0.0,3,64,9,11,7,7,23,7
61,2,62,0,10,10,0,38.2,24.2,0.0,3,61,9,7,7,7,25,7
1217,29,62,0,11,11,0,37.1,24.1,0.0,3,61,9,7,5,5,2,5
809,21,62,0,12,12,0,36.6,23.8,0.0,3,61,9,5,5,5,29,5
741,20,62,0,13,13,0,36.8,23.9,0.0,3,61,9,5,14,14,21,14
1149,27,62,0,14,14,0,37.1,24.1,0.0,2,61,9,14,8,8,20,8
129,3,62,0,15,15,0,36.7,23.9,0.0,3,64,9,8,12,12,27,12
197,4,62,0,16,16,0,33.4,24.2,0.0,2,61,9,12,13,13,3,13
265,6,62,0,17,17,0,37.2,23.7,0.0,3,61,9,13,12,12,4,12
605,15,62,0,18,18,0,36.8,23.9,0.0,2,61,9,12,14,14,6,14
1081,26,62,0,19,19,0,38.4,24.3,0.0,2,61,9,14,13,13,15,13
469,10,62,0,20,20,0,37.1,24.1,0.0,0,60,9,13,8,8,26,8
402,9,63,0,1,1,0,36.8,23.9,0.0,3,65,9,8,4,4,9,4
878,22,63,0,2,2,0,36.6,23.8,0.0,3,65,9,4,4,4,9,4
1354,31,63,0,3,3,0,36.6,23.8,0.0,3,65,9,4,6,6,22,6
674,16,63,0,4,4,0,36.4,23.5,0.0,3,65,9,6,10,10,31,10
1286,30,63,0,5,5,0,36.6,23.8,0.0,2,65,9,10,6,6,16,6
334,8,63,0,6,6,0,36.6,23.8,0.0,3,65,9,6,11,11,30,11
538,11,63,0,7,7,0,36.8,23.9,0.0,3,65,9,11,10,10,8,10
946,23,63,0,8,8,0,36.4,23.5,0.0,2,65,9,10,11,11,11,11
1014,25,63,0,9,9,0,36.7,23.9,0.0,3,65,9,11,7,7,23,7
62,2,63,0,10,10,0,38.2,24.2,0.0,3,62,9,7,7,7,25,7
1218,29,63,0,11,11,0,37.1,24.1,0.0,3,62,9,7,5,5,2,5
810,21,63,0,12,12,0,36.6,23.8,0.0,3,62,9,5,5,5,29,5
742,20,63,0,13,13,0,36.8,23.9,0.0,3,62,9,5,14,14,21,14
1150,27,63,0,14,14,0,37.1,24.1,0.0,2,62,9,14,8,8,20,8
130,3,63,0,15,15,0,36.7,23.9,0.0,3,65,9,8,12,12,27,12
198,4,63,0,16,16,0,33.4,24.2,0.0,2,62,9,12,13,13,3,13
266,6,63,0,17,17,0,37.2,23.7,0.0,3,62,9,13,12,12,4,12
606,15,63,0,18,18,0,36.8,23.9,0.0,2,62,9,12,14,14,6,14
1082,26,63,0,19,19,0,38.4,24.3,0.0,2,62,9,14,13,13,15,13
470,10,63,0,20,20,0,37.1,24.1,0.0,0,61,9,13,8,8,26,8
403,9,64,0,1,1,0,36.8,23.9,0.0,3,66,9,8,4,4,9,4
879,22,64,0,2,2,0,36.6,23.8,0.0,3,66,9,4,4,4,9,4
1355,31,64,0,3,3,0,36.6,23.8,0.0,3,66,9,4,6,6,22,6
675,16,64,0,4,4,0,36.4,23.5,0.0,3,66,9,6,10,10,31,10
1287,30,64,0,5,5,0,36.6,23.8,0.0,2,66,9,10,6,6,16,6
335,8,64,0,6,6,0,36.6,23.8,0.0,3,66,9,6,11,11,30,11
539,11,64,0,7,7,0,36.8,23.9,0.0,3,66,9,11,10,10,8,10
947,23,64,0,8,8,0,36.4,23.5,0.0,2,66,9,10,11,11,11,11
1015,25,64,0,9,9,0,36.7,23.9,0.0,3,66,9,11,7,7,23,7
63,2,64,0,10,10,0,38.2,24.2,0.0,3,63,9,7,7,7,25,7
1219,29,64,0,11,11,0,37.1,24.1,0.0,3,63,9,7,5,5,2,5
811,21,64,0,12,12,0,36.6,23.8,0.0,3,63,9,5,5,5,29,5
743,20,64,0,13,13,0,36.8,23.9,0.0,3,63,9,5,14,14,21,14
1151,27,64,0,14,14,0,37.1,24.1,0.0,2,63,9,14,8,8,20,8
131,3,64,0,15,15,0,36.7,23.9,0.0,3,66,9,8,12,12,27,12
199,4,64,0,16,16,0,33.4,24.2,0.0,2,63,9,12,13,13,3,13
267,6,64,0,17,17,0,37.2,23.7,0.0,3,63,9,13,12,12,4,12
607,15,64,0,18,18,0,36.8,23.9,0.0,2,63,9,12,14,14,6,14
1083,26,64,0,19,19,0,38.4,24.3,0.0,2,63,9,14,13,13,15,13
471,10,64,0,20,20,0,37.1,24.1,0.0,0,62,9,13,8,8,26,8
404,9,65,0,1,1,0,36.8,23.9,0.0,3,67,9,8,4,4,9,4
880,22,65,0,2,2,0,36.6,23.8,0.0,3,67,9,4,4,4,9,4
1356,31,65,0,3,3,0,36.6,23.8,0.0,3,67,9,4,6,6,22,6
676,16,65,0,4,4,0,36.4,23.5,0.0,3,67,9,6,10,10,31,10
1288,30,65,0,5,5,0,36.6,23.8,0.0,2,67,9,10,6,6,16,6
336,8,65,0,6,6,0,36.6,23.8,0.0,3,67,9,6,11,11,30,11
540,11,65,0,7,7,0,36.8,23.9,0.0,3,67,9,11,10,10,8,10
948,23,65,0,8,8,0,36.4,23.5,0.0,2,67,9,10,11,11,11,11
1016,25,65,0,9,9,0,36.7,23.9,0.0,3,67,9,11,7,7,23,7
64,2,65,0,10,10,0,38.2,24.2,0.0,3,64,9,7,7,7,25,7
1220,29,65,0,11,11,0,37.1,24.1,0.0,3,64,9,7,5,5,2,5
812,21,65,0,12,12,0,36.6,23.8,0.0,3,64,9,5,5,5,29,5
744,20,65,0,13,13,0,36.8,23.9,0.0,3,64,9,5,14,14,21,14
1152,27,65,0,14,14,0,37.1,24.1,0.0,2,64,9,14,8,8,20,8
132,3,65,0,15,15,0,36.7,23.9,0.0,3,67,9,8,12,12,27,12
200,4,65,0,16,16,0,33.4,24.2,0.0,2,64,9,12,13,13,3,13
268,6,65,0,17,17,0,37.2,23.7,0.0,3,64,9,13,12,12,4,12
608,15,65,0,18,18,0,36.8,23.9,0.0,2,64,9,12,14,14,6,14
1084,26,65,0,19,19,0,38.4,24.3,0.0,2,64,9,14,13,13,15,13
472,10,65,0,20,20,0,37.1,24.1,0.0,0,63,9,13,8,8,26,8
405,9,66,0,1,1,0,36.8,23.9,0.0,3,68,9,8,4,4,9,4
881,22,66,0,2,2,0,36.6,23.8,0.0,3,68,9,4,4,4,9,4
1357,31,66,0,3,3,0,36.6,23.8,0.0,3,68,9,4,6,6,22,6
677,16,66,0,4,4,0,36.4,23.5,0.0,3,68,9,6,10,10,31,10
1289,30,66,0,5,5,0,36.6,23.8,0.0,2,68,9,10,6,6,16,6
337,8,66,0,6,6,0,36.6,23.8,0.0,3,68,9,6,11,11,30,11
541,11,66,0,7,7,0,36.8,23.9,0.0,3,68,9,11,10,10,8,10
949,23,66,0,8,8,0,36.4,23.5,0.0,2,68,9,10,11,11,11,11
1017,25,66,0,9,9,0,36.7,23.9,0.0,3,68,9,11,7,7,23,7
65,2,66,0,10,10,0,38.2,24.2,0.0,3,65,9,7,7,7,25,7
1221,29,66,0,11,11,0,37.1,24.1,0.0,3,65,9,7,5,5,2,5
813,21,66,0,12,12,0,36.6,23.8,0.0,3,65,9,5,5,5,29,5
745,20,66,0,13,13,0,36.8,23.9,0.0,3,65,9,5,14,14,21,14
1153,27,66,0,14,14,0,37.1,24.1,0.0,2,65,9,14,8,8,20,8
133,3,66,0,15,15,0,36.7,23.9,0.0,3,68,9,8,12,12,27,12
201,4,66,0,16,16,0,33.4,24.2,0.0,2,65,9,12,13,13,3,13
269,6,66,0,17,17,0,37.2,23.7,0.0,3,65,9,13,12,12,4,12
609,15,66,0,18,18,0,36.8,23.9,0.0,2,65,9,12,14,14,6,14
1085,26,66,0,19,19,0,38.4,24.3,0.0,2,65,9,14,13,13,15,13
473,10,66,0,20,20,0,37.1,24.1,0.0,0,64,9,13,8,8,26,8
406,9,67,0,1,1,0,36.8,23.9,0.0,3,69,9,8,4,4,9,4
882,22,67,0,2,2,0,36.6,23.8,0.0,3,69,9,4,4,4,9,4
1358,31,67,0,3,3,0,36.6,23.8,0.0,3,69,9,4,6,6,22,6
678,16,67,0,4,4,0,36.4,23.5,0.0,3,69,9,6,10,10,31,10
1290,30,67,0,5,5,0,36.6,23.8,0.0,2,69,9,10,6,6,16,6
338,8,67,0,6,6,0,36.6,23.8,0.0,3,69,9,6,11,11,30,11
542,11,67,0,7,7,0,36.8,23.9,0.0,3,69,9,11,10,10,8,10
950,23,67,0,8,8,0,36.4,23.5,0.0,2,69,9,10,11,11,11,11
1018,25,67,0,9,9,0,36.7,23.9,0.0,3,69,9,11,7,7,23,7
66,2,67,0,10,10,0,38.2,24.2,0.0,3,66,9,7,7,7,25,7
1222,29,67,0,11,11,0,37.1,24.1,0.0,3,66,9,7,5,5,2,5
814,21,67,0,12,12,0,36.6,23.8,0.0,3,66,9,5,5,5,29,5
746,20,67,0,13,13,0,36.8,23.9,0.0,3,66,9,5,14,14,21,14
1154,27,67,0,14,14,0,37.1,24.1,0.0,2,66,9,14,8,8,20,8
134,3,67,0,15,15,0,36.7,23.9,0.0,3,69,9,8,12,12,27,12
202,4,67,0,16,16,0,33.4,24.2,0.0,2,66,9,12,13,13,3,13
270,6,67,0,17,17,0,37.2,23.7,0.0,3,66,9,13,12,12,4,12
610,15,67,0,18,18,0,36.8,23.9,0.0,2,66,9,12,14,14,6,14
1086,26,67,0,19,19,0,38.4,24.3,0.0,2,66,9,14,13,13,15,13
474,10,67,0,20,20,0,37.1,24.1,0.0,0,65,9,13,8,8,26,8
407,9,68,0,1,1,0,36.8,23.9,0.0,3,70,9,8,4,4,9,4
883,22,68,0,2,2,0,36.6,23.8,0.0,3,70,9,4,4,4,9,4
1359,31,68,0,3,3,0,36.6,23.8,0.0,3,70,9,4,6,6,22,6
679,16,68,0,4,4,0,36.4,23.5,0.0,3,70,9,6,10,10,31,10
1291,30,68,0,5,5,0,36.6,23.8,0.0,2,70,9,10,6,6,16,6
339,8,68,0,6,6,0,36.6,23.8,0.0,3,70,9,6,11,11,30,11
543,11,68,0,7,7,0,36.8,23.9,0.0,3,70,9,11,10,10,8,10
951,23,68,0,8,8,0,36.4,23.5,0.0,2,70,9,10,11,11,11,11
1019,25,68,0,9,9,0,36.7,23.9,0.0,3,70,9,11,7,7,23,7
67,2,68,0,10,10,0,38.2,24.2,0.0,3,67,9,7,7,7,25,7
1223,29,68,0,11,11,0,37.1,24.1,0.0,3,67,9,7,5,5,2,5
815,21,68,0,12,12,0,36.6,23.8,0.0,3,67,9,5,5,5,29,5
747,20,68,0,13,13,0,36.8,23.9,0.0,3,67,9,5,14,14,21,14
1155,27,68,0,14,14,0,37.1,24.1,0.0,2,67,9,14,8,8,20,8
135,3,68,0,15,15,0,36.7,23.9,0.0,3,70,9,8,12,12,27,12
203,4,68,0,16,16,0,33.4,24.2,0.0,2,67,9,12,13,13,3,13
271,6,68,0,17,17,0,37.2,23.7,0.0,3,67,9,13,12,12,4,12
611,15,68,0,18,18,0,36.8,23.9,0.0,2,67,9,12,14,14,6,14
1087,26,68,0,19,19,0,38.4,24.3,0.0,2,67,9,14,13,13,15,13
475,10,68,0,20,20,0,37.1,24.1,0.0,0,66,9,13,8,8,26,8
1365,9,69,0,1,1,0,36.8,23.9,0.0,3,71,9,8,4,4,9,4
1372,22,69,0,2,2,0,36.6,23.8,0.0,3,71,9,4,4,4,9,4
1379,31,69,0,3,3,0,36.6,23.8,0.0,3,71,9,4,6,6,22,6
1369,16,69,0,4,4,0,36.4,23.5,0.0,3,71,9,6,10,10,31,10
1378,30,69,0,5,5,0,36.6,23.8,0.0,2,71,9,10,6,6,16,6
1364,8,69,0,6,6,0,36.6,23.8,0.0,3,71,9,6,11,11,30,11
1367,11,69,0,7,7,0,36.8,23.9,0.0,3,71,9,11,10,10,8,10
1373,23,69,0,8,8,0,36.4,23.5,0.0,2,71,9,10,11,11,11,11
1374,25,69,0,9,9,0,36.7,23.9,0.0,3,71,9,11,7,7,23,7
1360,2,69,0,10,10,0,38.2,24.2,0.0,3,68,9,7,7,7,25,7
1377,29,69,0,11,11,0,37.1,24.1,0.0,3,68,9,7,5,5,2,5
1371,21,69,0,12,12,0,36.6,23.8,0.0,3,68,9,5,5,5,29,5
1370,20,69,0,13,13,0,36.8,23.9,0.0,3,68,9,5,14,14,21,14
1376,27,69,0,14,14,0,37.1,24.1,0.0,2,68,9,14,8,8,20,8
1361,3,69,0,15,15,0,36.7,23.9,0.0,3,71,9,8,12,12,27,12
1362,4,69,0,16,16,0,33.4,24.2,0.0,2,68,9,12,13,13,3,13
1363,6,69,0,17,17,0,37.2,23.7,0.0,3,68,9,13,12,12,4,12
1368,15,69,0,18,18,0,36.8,23.9,0.0,2,68,9,12,14,14,6,14
1375,26,69,0,19,19,0,38.4,24.3,0.0,2,68,9,14,13,13,15,13
1366,10,69,0,20,20,0,37.1,24.1,0.0,0,67,9,13,8,8,26,8
